"","X1","X2","X5","X8","X10","X11","X12","X13","X14"
"1","","","","","","","","Yr. to Yr.",""
"2","","","","","","","","Percent",""
"3","","","","","Yr. to Yr.","Yr. to Yr.","","Change",""
"4","(Dollars in millions)","(Dollars in millions)","","","Percent","Percent","","Adjusted For",""
"5","For the three months ended September 30:","For the three months ended September 30:","2013","2012","Change","Change","","Currency",""
"6","Total
  signings:","Total
  signings:","12,340","13,269","","(7.0)","%","(4.1)","%"
"7","Outsourcing signings","Outsourcing signings","6,095","7,300","","(16.5)","%","(13.8)","%"
"8","Transactional signings","Transactional signings","6,245","5,969","","4.6","%","7.8","%"
