"","X1","X4","X7","X10","X13"
"1","","","","",""
"2","","","","","Recorded"
"3","","Total","","Total","Investment"
"4","(Dollars in millions)","Past Due","","Financing","> 90 Days"
"5","At December 31, 2012:","> 90 days*","Current","Receivables","and Accruing"
"6","Major
  markets","8","7,028","7,036","5"
"7","Growth
  markets","11","2,127","2,138","8"
"8","Total
  lease receivables","20","9,154","9,174","13"
"9","","","","",""
"10","Major
  markets","27","9,639","9,666","8"
"11","Growth
  markets","36","3,634","3,670","31"
"12","Total
  loan receivables","63","13,273","13,336","39"
"13","","","","",""
"14","Total","82","22,428","22,510","52"
"15","","","","",""
"16","* Does not include accounts that are fully reserved.","* Does not include accounts that are fully reserved.","* Does not include accounts that are fully reserved.","* Does not include accounts that are fully reserved.","* Does not include accounts that are fully reserved."
"17","","","","",""
