"","X1","X2","X3","X6","X9","X11","X12","X13","X14","X15"
"1","","","","","","","","","Yr. to Yr.",""
"2","","","","","","","","","Percent",""
"3","","","","","","Yr. to Yr.","Yr. to Yr.","","Change",""
"4","(Dollars in millions)","(Dollars in millions)","(Dollars in millions)","","","Percent","Percent","","Adjusted For",""
"5","For the nine months ended September 30:","For the nine months ended September 30:","For the nine months ended September 30:","2013","2012","Change","Change","","Currency",""
"6","Global
  Services external revenue:","Global
  Services external revenue:","Global
  Services external revenue:","42,283","43,798","","(3.5)","%","(0.5)","%"
"7","","Global
  Technology Services","Global
  Technology Services","28,634","29,952","","(4.4)","%","(1.7)","%"
"8","","","Outsourcing","16,407","17,445","","(5.9)","","(3.2)",""
"9","","","Integrated
  Technology Services","6,917","7,007","","(1.3)","","1.4",""
"10","","","Maintenance","5,311","5,500","","(3.4)","","(1.1)",""
"11","","Global
  Business Services","Global
  Business Services","13,649","13,846","","(1.4)","%","2.1","%"
"12","","","Outsourcing","3,089","3,130","","(1.3)","","2.8",""
"13","","","Consulting
  and Systems Integration","10,560","10,716","","(1.5)","","1.8",""
"14","","","","","","","","","",""
