"","X1","X2","X5","X8","X11","X14"
"1","","","Lease Receivables","Lease Receivables","Loan Receivables","Loan Receivables"
"2","(Dollars in millions)","(Dollars in millions)","Major","Growth","Major","Growth"
"3","At December 31, 2012:","At December 31, 2012:","Markets","Markets","Markets","Markets"
"4","Credit
  Rating:","Credit
  Rating:","","","",""
"5","","AAA
  – AA-","646","86","887","148"
"6","","A+
  – A-","1,664","223","2,286","382"
"7","","BBB+
  – BBB-","2,285","776","3,139","1,333"
"8","","BB+
  – BB","1,367","450","1,878","773"
"9","","BB-
  – B+","552","418","758","718"
"10","","B
  – B-","399","127","548","218"
"11","","CCC+
  – D","124","58","170","99"
"12","Total","Total","7,036","2,138","9,666","3,670"
