"","X1","X2","X3","X11","X12","X14"
"1","","","","","","Yr. to Yr."
"2","","","","","","Percent"
"3","","","","Yr. to Yr.","Yr. to Yr.","Change"
"4","(Dollars in millions)","(Dollars in millions)","(Dollars in millions)","Percent","Percent","Adjusted For"
"5","For the nine months ended September 30:","For the nine months ended September 30:","For the nine months ended September 30:","Change","Change","Currency"
"6","Systems
  and Technology external revenue:","Systems
  and Technology external revenue:","Systems
  and Technology external revenue:","","(15.1)","(14.3)"
"7","","System
  z","System
  z","","8.0","8.8"
"8","","Power
  Systems","Power
  Systems","","(31.3)","(30.7)"
"9","","System
  x","System
  x","","(12.6)","(11.8)"
"10","","Storage","Storage","","(9.6)","(8.5)"
"11","","","Total
  Systems excluding RSS","","(13.6)","(12.8)"
"12","","Microelectronics
  OEM","Microelectronics
  OEM","","(2.8)","(2.7)"
"13","","","Total
  Systems and Technology excluding RSS","","(12.5)","(11.7)"
"14","","Retail
  Store Solutions (Divested)","Retail
  Store Solutions (Divested)","","(99.2)","(99.2)"
