"","X1","X4","X7"
"1","(Dollars in
  millions)","",""
"2","For the three months ended September 30:","2013","2012"
"3","Net
  unrealized gains/(losses) arising during the period","3","2"
"4","Net
  unrealized (gains)/losses reclassified to net income*","(3)","(17)"
"5","","",""
"6","*There were no writedowns for the three months ended
  September 30, 2013 and 2012, respectively.","*There were no writedowns for the three months ended
  September 30, 2013 and 2012, respectively.","*There were no writedowns for the three months ended
  September 30, 2013 and 2012, respectively."
"7","","",""
"8","(Dollars in millions)","",""
"9","For the nine months ended September 30:","2013","2012"
"10","Net
  unrealized gains/(losses) arising during the period","2","20"
"11","Net
  unrealized (gains)/losses reclassified to net income*","(3)","(26)"
"12","","",""
"13","* There were no significant writedowns for the nine months
  ended September 30, 2013 and 2012, respectively.","* There were no significant writedowns for the nine months
  ended September 30, 2013 and 2012, respectively.","* There were no significant writedowns for the nine months
  ended September 30, 2013 and 2012, respectively."
"14","","",""
