"","X1","X2","X5","X8","X11","X14","X17"
"1","Accumulated Other Comprehensive Income/(Loss) (net of
  tax)","Accumulated Other Comprehensive Income/(Loss) (net of
  tax)","Accumulated Other Comprehensive Income/(Loss) (net of
  tax)","Accumulated Other Comprehensive Income/(Loss) (net of
  tax)","","",""
"2","","","","","","",""
"3","","","","","Net Change","Net Unrealized",""
"4","","","Net Unrealized","Foreign","Retirement-","Gains/(Losses)","Accumulated"
"5","","","Gains/(Losses)","Currency","Related","on Available-","Other"
"6","","","on Cash Flow","Translation","Benefit","For-Sale","Comprehensive"
"7","(Dollars in Millions)","(Dollars in Millions)","Hedges","Adjustments*","Plans","Securities","Income/(Loss)"
"8","January 1, 2013","January 1, 2013","(90)","1,733","(27,406)","4","(25,759)"
"9","Other comprehensive income before","Other comprehensive income before","","","","",""
"10","","reclassifications","(33)","(980)","218","2","(793)"
"11","Amount reclassified from accumulated","Amount reclassified from accumulated","","","","",""
"12","","other comprehensive income","(81)","0","1,664","(3)","1,580"
"13","Total change for the period","Total change for the period","(114)","(980)","1,883","(1)","788"
"14","September 30, 2013","September 30, 2013","(204)","752","(25,523)","3","(24,971)"
"15","","","","","","",""
"16","","","","","Net Change","Net Unrealized",""
"17","","","Net Unrealized","Foreign","Retirement-","Gains/(Losses)","Accumulated"
"18","","","Gains/(Losses)","Currency","Related","on Available-","Other"
"19","","","on Cash Flow","Translation","Benefit","For-Sale","Comprehensive"
"20","(Dollars in Millions)","(Dollars in Millions)","Hedges","Adjustments*","Plans","Securities","Income/(Loss)"
"21","January 1, 2012","January 1, 2012","71","1,767","(23,737)","13","(21,885)"
"22","Other comprehensive income before","Other comprehensive income before","","","","",""
"23","","reclassifications","31","172","41","20","264"
"24","Amount reclassified from accumulated","Amount reclassified from accumulated","","","","",""
"25","","other comprehensive income","(164)","0","1,090","(26)","900"
"26","Total change for the period","Total change for the period","(133)","172","1,132","(6)","1,165"
"27","September 30, 2012","September 30, 2012","(61)","1,939","(22,606)","7","(20,720)"
"28","","","","","","",""
"29","* Foreign currency translation adjustments are presented
  gross except for any associated hedges which are presented net of tax.","* Foreign currency translation adjustments are presented
  gross except for any associated hedges which are presented net of tax.","* Foreign currency translation adjustments are presented
  gross except for any associated hedges which are presented net of tax.","* Foreign currency translation adjustments are presented
  gross except for any associated hedges which are presented net of tax.","* Foreign currency translation adjustments are presented
  gross except for any associated hedges which are presented net of tax.","* Foreign currency translation adjustments are presented
  gross except for any associated hedges which are presented net of tax.","* Foreign currency translation adjustments are presented
  gross except for any associated hedges which are presented net of tax."
