"","X1","X2","X5","X8","X10","X11","X12"
"1","","","","","Yr. to Yr.","Yr. to Yr.",""
"2","","","","","Percent","Percent",""
"3","For the nine months ended September 30:","For the nine months ended September 30:","2013","2012","Change","Change",""
"4","Earnings
  per share of common stock:","Earnings
  per share of common stock:","","","","",""
"5","","Assuming
  dilution","9.27","9.27","","0.0","%"
"6","","Basic","9.35","9.38","","(0.3)","%"
"7","","Diluted
  operating (non-GAAP)","10.21","9.90","","3.1","%"
"8","Weighted-average
  shares outstanding: (in millions)","Weighted-average
  shares outstanding: (in millions)","","","","",""
"9","","Assuming
  dilution","1,110.7","1,161.8","","(4.4)","%"
"10","","Basic","1,101.8","1,148.4","","(4.1)","%"
"11","","","","","","",""
