"","X2","X5","X8","X10"
"1","","","","Yr. to Yr."
"2","(Dollars in millions)","","","Percent"
"3","For the nine months ended September
  30:","2013","2012","Change"
"4","Selling,
  general and administrative expense:","","",""
"5","Selling,
  general and administrative – other","14,065","14,453","(2.7)"
"6","Advertising
  and promotional expense","971","989","(1.8)"
"7","Workforce
  rebalancing charges","1,048","789","32.9"
"8","Retirement-related
  costs","750","760","(1.3)"
"9","Amortization
  of acquired intangible assets","277","241","14.7"
"10","Stock-based
  compensation","324","370","(12.3)"
"11","Bad
  debt expense","77","29","161.3"
"12","Total
  consolidated selling, general and administrative expense","17,512","17,632","(0.7)"
"13","Non-operating
  adjustments:","","",""
"14","Amortization of acquired intangibles assets","(277)","(241)","14.7"
"15","Acquisition-related charges","(17)","(17)","(0.2)"
"16","Non-operating retirement-related (costs)/income","(286)","(265)","7.8"
"17","Operating
  (non-GAAP) selling, general and administrative expense","16,933","17,108","(1.0)"
