"","X1","X2","X3","X6","X9","X12","X15","X16"
"1","(Dollars in millions)","(Dollars in millions)","(Dollars in millions)","","","","",""
"2","At December 31, 2012","At December 31, 2012","At December 31, 2012","Level 1","Level 2","Level 3","Total",""
"3","Assets:","Assets:","Assets:","","","","",""
"4","","Cash
  equivalents(1)","Cash
  equivalents(1)","","","","",""
"5","","","Time deposits and certificates of deposit","—","3,694","—","3,694",""
"6","","","Commercial paper","—","2,098","—","2,098",""
"7","","","Money market funds","1,923","—","—","1,923",""
"8","","","Other securities","—","30","—","30",""
"9","","Total","Total","1,923","5,823","—","7,746","(6)"
"10","","Debt
  securities - current (2)","Debt
  securities - current (2)","—","717","—","717","(6)"
"11","","Debt
  securities - noncurrent (3)","Debt
  securities - noncurrent (3)","2","8","—","10",""
"12","","Available-for-sale
  equity investments (3)","Available-for-sale
  equity investments (3)","34","—","—","34",""
"13","","Derivative
  assets (4)","Derivative
  assets (4)","","","","",""
"14","","","Interest rate contracts","—","604","—","604",""
"15","","","Foreign exchange contracts","—","305","—","305",""
"16","","","Equity contracts","—","9","—","9",""
"17","","Total","Total","—","918","—","918","(7)"
"18","Total
  assets","Total
  assets","Total
  assets","1,959","7,466","—","9,424","(7)"
"19","Liabilities:","Liabilities:","Liabilities:","","","","",""
"20","","Derivative
  liabilities (5)","Derivative
  liabilities (5)","","","","",""
"21","","","Foreign exchange contracts","—","496","—","496",""
"22","","","Equity contracts","—","7","—","7",""
"23","Total
  liabilities","Total
  liabilities","Total
  liabilities","—","503","—","503","(7)"
"24","","","","","","","",""
