"","X1","X4","X7","X10","X13"
"1","","","","",""
"2","","Three Months Ended
  September 30,","Three Months Ended
  September 30,","Nine Months Ended
  September 30,","Nine Months Ended
  September 30,"
"3","(Dollars in millions)","2013","2012","2013","2012"
"4","Cost","27","34","89","99"
"5","Selling,
  general and administrative","110","133","324","370"
"6","Research,
  development and engineering","12","15","42","43"
"7","Other
  (income) and expense","—","0","—","0"
"8","Pre-tax
  stock-based compensation cost","150","183","455","510"
"9","Income
  tax benefits","(52)","(64)","(157)","(179)"
"10","Total
  stock-based compensation cost","98","119","297","331"
"11","","","","",""
