"","X1","X4","X7","X10","X13","X16","X19","X22"
"1","","","","","","","",""
"2","","Common","","","","","",""
"3","","Stock and","","","Accumulated","","",""
"4","","Additional","","","Other","Total IBM","Non-",""
"5","","Paid-in","Retained","Treasury","Comprehensive","Stockholders'","Controlling","Total"
"6","(Dollars in millions)","Capital","Earnings","Stock","Income/(Loss)","Equity","Interests","Equity"
"7","Equity
  - January 1, 2013","50,110","117,641","(123,131)","(25,759)","18,860","124","18,984"
"8","Net
  income plus other","","","","","","",""
"9","comprehensive income/(loss)","","","","","","",""
"10","Net income","","10,299","","","10,299","","10,299"
"11","Other comprehensive income/(loss)","","","","788","788","","788"
"12","Total
  comprehensive income/(loss)","","","","","11,087","","11,087"
"13","Cash
  dividends declared –","","","","","","",""
"14","common stock","","(3,033)","","","(3,033)","","(3,033)"
"15","Common
  stock issued under","","","","","","",""
"16","employee plans (8,258,027 shares)","930","","","","930","","930"
"17","Purchases
  (1,419,498 shares) and","","","","","","",""
"18","sales (1,574,179 shares) of  treasury","","","","","","",""
"19","stock under employee plans – net","","(22)","(106)","","(127)","","(127)"
"20","Other
  treasury shares purchased,","","","","","","",""
"21","not retired (39,926,001 shares)","","","(8,003)","","(8,003)","","(8,003)"
"22","Changes
  in other equity","164","","","","164","","164"
"23","Changes
  in noncontrolling interests","","","","","","7","7"
"24","Equity
  - September 30, 2013","51,203","124,885","(131,240)","(24,971)","19,877","131","20,008"
"25","","","","","","","",""
"26","","Common","","","","","",""
"27","","Stock and","","","Accumulated","","",""
"28","","Additional","","","Other","Total IBM","Non-",""
"29","","Paid-in","Retained","Treasury","Comprehensive","Stockholders'","Controlling","Total"
"30","(Dollars in millions)","Capital","Earnings","Stock","Income/(Loss)","Equity","Interests","Equity"
"31","Equity
  - January 1, 2012","48,129","104,857","(110,963)","(21,885)","20,138","97","20,236"
"32","Net
  income plus other","","","","","","",""
"33","comprehensive income/(loss)","","","","","","",""
"34","Net income","","10,771","","","10,771","","10,771"
"35","Other comprehensive income/(loss)","","","","1,165","1,165","","1,165"
"36","Total
  comprehensive income/(loss)","","","","","11,936","","11,936"
"37","Cash
  dividends declared –","","","","","","",""
"38","common stock","","(2,816)","","","(2,816)","","(2,816)"
"39","Common
  stock issued under","","","","","","",""
"40","employee plans (12,322,115 shares)","1,149","","","","1,149","","1,149"
"41","Purchases
  (2,092,008 shares) and","","","","","","",""
"42","sales (2,358,099 shares) of  treasury","","","","","","",""
"43","stock under employee plans – net","","(40)","(145)","","(185)","","(185)"
"44","Other
  treasury shares purchased,","","","","","","",""
"45","not retired (45,838,313 shares)","","","(9,007)","","(9,007)","","(9,007)"
"46","Changes
  in other equity","324","","","","324","","324"
"47","Changes
  in noncontrolling interests","","","","","","29","29"
"48","Equity
  - September 30, 2012","49,603","112,773","(120,115)","(20,720)","21,541","126","21,666"
"49","","","","","","","",""
"50","(Amounts may not add due to rounding.)","(Amounts may not add due to rounding.)","","","","","",""
"51","","","","","","","",""
"52","(The accompanying notes are an integral part of the
  financial statements.)","(The accompanying notes are an integral part of the
  financial statements.)","(The accompanying notes are an integral part of the
  financial statements.)","(The accompanying notes are an integral part of the
  financial statements.)","","","",""
