"","X1","X2","X3","X5","X6","X9","X11","X12","X14","X15","X17","X18","X20","X21","X22","X25","X28"
"1","","","","","","","","","","","","","","","","",""
"2","SEGMENT INFORMATION","SEGMENT INFORMATION","SEGMENT INFORMATION","SEGMENT INFORMATION","SEGMENT INFORMATION","SEGMENT INFORMATION","SEGMENT INFORMATION","SEGMENT INFORMATION","SEGMENT INFORMATION","SEGMENT INFORMATION","SEGMENT INFORMATION","SEGMENT INFORMATION","SEGMENT INFORMATION","SEGMENT INFORMATION","SEGMENT INFORMATION","SEGMENT INFORMATION","SEGMENT INFORMATION"
"3","","","","","","","","","","","","","","","","",""
"4","","","","","","","","","","","","","","","","",""
"5","","","","Global Services","Global Services","Global Services","Global Services","","","","","","","","","",""
"6","","","","Global","","Global","Global","","","","","","","","","",""
"7","","","","Technology","","Business","Business","","","","","","Systems and","Systems and","Systems and","Global","Total"
"8","(Dollars in millions)","(Dollars in millions)","","Services","","Services","Services","","Software","Software","Software","","Technology","Technology","Technology","Financing","Segments"
"9","For the nine months","For the nine months","","","","","","","","","","","","","","",""
"10","","ended September 30, 2013:","","","","","","","","","","","","","","",""
"11","External
  revenue","External
  revenue","","28,634","","13,649","13,649","","17,792","17,792","17,792","","10,111","10,111","10,111","1,488","71,674"
"12","Internal
  revenue","Internal
  revenue","","801","","545","545","","2,312","2,312","2,312","","423","423","423","1,628","5,710"
"13","Total
  revenue","Total
  revenue","","29,435","","14,194","14,194","","20,105","20,105","20,105","","10,533","10,533","10,533","3,116","77,383"
"14","Pre-tax
  income","Pre-tax
  income","","4,994","","2,274","2,274","","6,867","6,867","6,867","","(713)","(713)","(713)","1,582","15,003"
"15","Revenue
  year-to-year change","Revenue
  year-to-year change","","(4.5)","%","(1.3)","(1.3)","%","0.6","0.6","0.6","%","(15.0)","(15.0)","(15.0)","4.9","(3.9)"
"16","Pre-tax
  income year-to-year","Pre-tax
  income year-to-year","","","","","","","","","","","","","","",""
"17","","change","","1.2","%","6.1","6.1","%","1.1","1.1","1.1","%","nm","nm","nm","4.4","(4.1)"
"18","Pre-tax
  income margin","Pre-tax
  income margin","","17.0","%","16.0","16.0","%","34.2","34.2","34.2","%","(6.8)","(6.8)","(6.8)","50.8","19.4"
"19","","","","","","","","","","","","","","","","",""
"20","nm - not meaningful","nm - not meaningful","","","","","","","","","","","","","","",""
"21","","","","","","","","","","","","","","","","",""
"22","For the nine months","For the nine months","","","","","","","","","","","","","","",""
"23","","ended September 30, 2012:","","","","","","","","","","","","","","",""
"24","External
  revenue","External
  revenue","","29,952","","13,846","13,846","","17,533","17,533","17,533","","11,903","11,903","11,903","1,478","74,713"
"25","Internal
  revenue","Internal
  revenue","","869","","538","538","","2,459","2,459","2,459","","491","491","491","1,492","5,848"
"26","Total
  revenue","Total
  revenue","","30,821","","14,384","14,384","","19,992","19,992","19,992","","12,394","12,394","12,394","2,970","80,561"
"27","Pre-tax
  income","Pre-tax
  income","","4,934","","2,142","2,142","","6,793","6,793","6,793","","253","253","253","1,516","15,637"
"28","","","","","","","","","","","","","","","","",""
"29","Pre-tax
  income margin","Pre-tax
  income margin","","16.0","%","14.9","14.9","%","34.0","34.0","34.0","%","2.0","2.0","2.0","51.0","19.4"
"30","","","","","","","","","","","","","","","","",""
"31","","","","","","","","","","","","","","","","",""
"32","Reconciliations
  to IBM as Reported:","Reconciliations
  to IBM as Reported:","Reconciliations
  to IBM as Reported:","Reconciliations
  to IBM as Reported:","Reconciliations
  to IBM as Reported:","Reconciliations
  to IBM as Reported:","Reconciliations
  to IBM as Reported:","Reconciliations
  to IBM as Reported:","Reconciliations
  to IBM as Reported:","Reconciliations
  to IBM as Reported:","Reconciliations
  to IBM as Reported:","Reconciliations
  to IBM as Reported:","Reconciliations
  to IBM as Reported:","","","",""
"33","","","","","","","","","","","","","","","","",""
"34","(Dollars in millions)","(Dollars in millions)","(Dollars in millions)","(Dollars in millions)","(Dollars in millions)","","","","","","","","","","","",""
"35","For the nine months ended September 30:","For the nine months ended September 30:","For the nine months ended September 30:","For the nine months ended September 30:","For the nine months ended September 30:","","2013","2013","2013","","2012","2012","2012","","","",""
"36","Revenue:","Revenue:","Revenue:","Revenue:","Revenue:","","","","","","","","","","","",""
"37","Total
  reportable segments","Total
  reportable segments","Total
  reportable segments","Total
  reportable segments","Total
  reportable segments","","77,383","77,383","77,383","","80,561","80,561","80,561","","","",""
"38","Eliminations
  of internal transactions","Eliminations
  of internal transactions","Eliminations
  of internal transactions","Eliminations
  of internal transactions","Eliminations
  of internal transactions","","(5,710)","(5,710)","(5,710)","","(5,848)","(5,848)","(5,848)","","","",""
"39","Other
  revenue adjustments","Other
  revenue adjustments","Other
  revenue adjustments","Other
  revenue adjustments","Other
  revenue adjustments","","378","378","378","","490","490","490","","","",""
"40","","Total
  IBM Consolidated","Total
  IBM Consolidated","Total
  IBM Consolidated","Total
  IBM Consolidated","","72,052","72,052","72,052","","75,203","75,203","75,203","","","",""
"41","","","","","","","","","","","","","","","","",""
"42","Pre-tax
  income:","Pre-tax
  income:","Pre-tax
  income:","Pre-tax
  income:","Pre-tax
  income:","","","","","","","","","","","",""
"43","Total
  reportable segments","Total
  reportable segments","Total
  reportable segments","Total
  reportable segments","Total
  reportable segments","","15,003","15,003","15,003","","15,637","15,637","15,637","","","",""
"44","Amortization
  of acquired intangible assets","Amortization
  of acquired intangible assets","Amortization
  of acquired intangible assets","Amortization
  of acquired intangible assets","Amortization
  of acquired intangible assets","","(562)","(562)","(562)","","(517)","(517)","(517)","","","",""
"45","Acquisition-related
  charges","Acquisition-related
  charges","Acquisition-related
  charges","Acquisition-related
  charges","Acquisition-related
  charges","","(29)","(29)","(29)","","(24)","(24)","(24)","","","",""
"46","Non-operating
  retirement-related (costs)/income","Non-operating
  retirement-related (costs)/income","Non-operating
  retirement-related (costs)/income","Non-operating
  retirement-related (costs)/income","Non-operating
  retirement-related (costs)/income","","(803)","(803)","(803)","","(454)","(454)","(454)","","","",""
"47","Eliminations
  of internal transactions","Eliminations
  of internal transactions","Eliminations
  of internal transactions","Eliminations
  of internal transactions","Eliminations
  of internal transactions","","(998)","(998)","(998)","","(949)","(949)","(949)","","","",""
"48","Unallocated
  corporate amounts","Unallocated
  corporate amounts","Unallocated
  corporate amounts","Unallocated
  corporate amounts","Unallocated
  corporate amounts","","(49)","(49)","(49)","","379","379","379","*","","",""
"49","","Total
  IBM Consolidated","Total
  IBM Consolidated","Total
  IBM Consolidated","Total
  IBM Consolidated","Total
  IBM Consolidated","12,562","12,562","12,562","","14,071","14,071","14,071","","","",""
"50","","","","","","","","","","","","","","","","",""
"51","","","","","","","","","","","","","","","","",""
