"","X1","X2","X5","X8","X11","X14"
"1","Cost/(Income)
  of Pension Plans","Cost/(Income)
  of Pension Plans","Cost/(Income)
  of Pension Plans","Cost/(Income)
  of Pension Plans","Cost/(Income)
  of Pension Plans","Cost/(Income)
  of Pension Plans"
"2","","","","","",""
"3","(Dollars in millions)","(Dollars in millions)","U.S. Plans","U.S. Plans","Non-U.S. Plans","Non-U.S. Plans"
"4","For the three months ended September 30:","For the three months ended September 30:","2013","2012","2013","2012"
"5","Service
  cost","Service
  cost","—","—","124","109"
"6","Interest
  cost","Interest
  cost","495","549","379","439"
"7","Expected
  return on plan assets","Expected
  return on plan assets","(995)","(1,011)","(546)","(570)"
"8","Amortization
  of prior service costs/(credits)","Amortization
  of prior service costs/(credits)","2","2","(29)","(39)"
"9","Recognized
  actuarial losses","Recognized
  actuarial losses","448","333","397","255"
"10","Curtailments
  and settlements","Curtailments
  and settlements","—","—","0","0"
"11","Multi-employer
  plans/other costs","Multi-employer
  plans/other costs","—","—","16","188"
"12","Total
  net periodic pension (income)/cost of defined","Total
  net periodic pension (income)/cost of defined","","","",""
"13","","benefit
  plans","(50)","(127)","341","381"
"14","Cost
  of defined contribution plans","Cost
  of defined contribution plans","204","209","137","148"
"15","Total
  defined benefit and contribution plans cost recognized","Total
  defined benefit and contribution plans cost recognized","","","",""
"16","","in
  the Consolidated Statement of Earnings","154","82","478","530"
"17","","","","","",""
