"","X1","X2","X10","X11","X12"
"1","","","Yr. to Yr.","Yr. to Yr.",""
"2","(Dollars in millions)","(Dollars in millions)","Percent","Percent",""
"3","For the three months ended September 30:","For the three months ended September 30:","Change","Change",""
"4","Retirement-related
  plans – cost","Retirement-related
  plans – cost","","",""
"5","","Defined
  benefit and contribution pension plans – cost","","3.1","%"
"6","","Nonpension
  postretirement plans – cost","","(14.0)",""
"7","","Total","","1.0","%"
