"","X1","X2","X4","X5","X8","X10","X11","X16","X17","X22"
"1","","","At September 30, 2013","At September 30, 2013","At September 30, 2013","At September 30, 2013","At September 30, 2013","At December 31, 2012","At December 31, 2012","At December 31, 2012"
"2","","","Recorded","Recorded","","Related","Related","Recorded","Recorded","Related"
"3","(Dollars in
  millions)","","Investment","Investment","","Allowance","Allowance","Investment","Investment","Allowance"
"4","Major markets","","74","74","","68","68","88","88","77"
"5","Growth markets","","109","109","","102","102","72","72","65"
"6","Total","","183","183","","170","170","160","160","143"
"7","","","","","","","","","",""
"8","","","","","","","","","","Interest"
"9","","","","","Average","Average","","Interest","","Income"
"10","(Dollars in
  millions)","(Dollars in
  millions)","(Dollars in
  millions)","","Recorded","Recorded","","Income","","Recognized on"
"11","For the three
  months ended September 30, 2013:","For the three
  months ended September 30, 2013:","For the three
  months ended September 30, 2013:","","Investment","Investment","","Recognized","","Cash Basis"
"12","Major markets","Major markets","Major markets","","73","73","","0","","0"
"13","Growth markets","Growth markets","Growth markets","","102","102","","0","","0"
"14","Total","Total","Total","","174","174","","0","","0"
"15","","","","","","","","","",""
"16","","","","","","","","","","Interest"
"17","","","","","Average","Average","","Interest","","Income"
"18","(Dollars in
  millions)","(Dollars in
  millions)","(Dollars in
  millions)","","Recorded","Recorded","","Income","","Recognized on"
"19","For the three
  months ended September 30, 2012:","For the three
  months ended September 30, 2012:","For the three
  months ended September 30, 2012:","","Investment","Investment","","Recognized","","Cash Basis"
"20","Major markets","Major markets","Major markets","","84","84","","0","","0"
"21","Growth markets","Growth markets","Growth markets","","63","63","","0","","0"
"22","Total","Total","Total","","147","147","","0","","0"
"23","","","","","","","","","",""
"24","","","","","","","","","",""
