"","X1","X2","X5","X8","X10","X11"
"1","","","","","",""
"2","Research,
  Development and Engineering","Research,
  Development and Engineering","Research,
  Development and Engineering","Research,
  Development and Engineering","Research,
  Development and Engineering","Research,
  Development and Engineering"
"3","","","","","",""
"4","","","","","Yr. to Yr.",""
"5","(Dollars in millions)","(Dollars in millions)","","","Percent",""
"6","For the three months ended September
  30:","For the three months ended September
  30:","2013","2012","Change",""
"7","Total
  consolidated research, development and 
  engineering","Total
  consolidated research, development and 
  engineering","1,468","1,534","(4.3)","%"
"8","Non-operating
  adjustment:","Non-operating
  adjustment:","","","",""
"9","Non-operating retirement-related (costs)/income","Non-operating retirement-related (costs)/income","(14)","5","nm",""
"10","Operating
  (non-GAAP) research, development and engineering","Operating
  (non-GAAP) research, development and engineering","1,454","1,539","(5.5)","%"
"11","","","","","",""
"12","nm - not meaningful","nm - not meaningful","","","",""
