"","X1","X2","X3","X6","X9","X12","X15"
"1","","","","","Gross","Gross",""
"2","(Dollars in millions)","(Dollars in millions)","(Dollars in millions)","Adjusted","Unrealized","Unrealized","Fair"
"3","At December 31, 2012:","At December 31, 2012:","At December 31, 2012:","Cost","Gains","Losses","Value"
"4","Debt
  securities – noncurrent(1)","Debt
  securities – noncurrent(1)","Debt
  securities – noncurrent(1)","8","2","—","10"
"5","Available-for-sale
  equity investments(1)","Available-for-sale
  equity investments(1)","Available-for-sale
  equity investments(1)","31","4","1","34"
"6","","","","","","",""
"7","(1) Included within investments and sundry assets in the
  Consolidated Statement of Financial Position.","(1) Included within investments and sundry assets in the
  Consolidated Statement of Financial Position.","(1) Included within investments and sundry assets in the
  Consolidated Statement of Financial Position.","(1) Included within investments and sundry assets in the
  Consolidated Statement of Financial Position.","(1) Included within investments and sundry assets in the
  Consolidated Statement of Financial Position.","(1) Included within investments and sundry assets in the
  Consolidated Statement of Financial Position.",""
