"","X1","X2","X5","X8","X11","X14"
"1","","","Lease Receivables","Lease Receivables","Loan Receivables","Loan Receivables"
"2","(Dollars in millions)","(Dollars in millions)","Major","Growth","Major","Growth"
"3","At September 30, 2013:","At September 30, 2013:","Markets","Markets","Markets","Markets"
"4","Credit
  Rating:","Credit
  Rating:","","","",""
"5","","AAA
  – AA-","606","71","817","129"
"6","","A+
  – A-","1,520","178","2,049","324"
"7","","BBB+
  – BBB-","2,154","875","2,904","1,593"
"8","","BB+
  – BB","1,421","306","1,916","557"
"9","","BB-
  – B+","533","412","719","750"
"10","","B
  – B-","356","198","480","361"
"11","","CCC+
  – D","115","64","155","116"
"12","Total","Total","6,705","2,104","9,042","3,830"
