"","X1","X2","X5","X8","X10","X11","X12"
"1","","","","","","",""
"2","","","","","Yr. to Yr.","Yr. to Yr.",""
"3","(Dollars in millions)","(Dollars in millions)","","","Percent","Percent",""
"4","For the nine months ended September 30:","For the nine months ended September 30:","2013","2012","Change","Change",""
"5","Retirement-related
  plans – cost","Retirement-related
  plans – cost","","","","",""
"6","","Defined
  benefit and contribution pension plans – cost","1,941","1,602","","21.1","%"
"7","","Nonpension
  postretirement plans – cost","224","260","","(13.6)",""
"8","","Total","2,165","1,862","","16.3","%"
"9","","","","","","",""
