"","X1","X2","X5","X8","X10","X11","X12"
"1","","","","","Yr. to Yr.","Yr. to Yr.",""
"2","","","","","Percent/","Percent/",""
"3","(Dollars in millions)","(Dollars in millions)","","","Margin","Margin",""
"4","For the three months ended September 30:","For the three months ended September 30:","2013","2012","Change","Change",""
"5","Systems
  and Technology:","Systems
  and Technology:","","","","",""
"6","","External
  gross profit","1,092","1,451","","(24.7)","%"
"7","","External
  gross profit margin","33.6","37.3","","(3.6)","pts."
"8","","Pre-tax
  income","(167)","124","","nm",""
"9","","Pre-tax
  margin","(4.9)","3.0","","(7.9)","pts."
"10","","","","","","",""
"11","nm - not meaningful","nm - not meaningful","","","","",""
