"","X1","X2","X3","X6","X9"
"1","","","","Nine Months Ended
  September 30,","Nine Months Ended
  September 30,"
"2","(Dollars in millions)","(Dollars in millions)","(Dollars in millions)","2013","2012"
"3","Cash
  flows from operating activities:","Cash
  flows from operating activities:","Cash
  flows from operating activities:","",""
"4","Net
  income","Net
  income","Net
  income","10,299","10,771"
"5","Adjustments
  to reconcile net income to cash provided by operating activities","Adjustments
  to reconcile net income to cash provided by operating activities","Adjustments
  to reconcile net income to cash provided by operating activities","",""
"6","","Depreciation","Depreciation","2,457","2,572"
"7","","Amortization
  of intangibles","Amortization
  of intangibles","1,007","952"
"8","","Stock-based
  compensation","Stock-based
  compensation","455","510"
"9","","Net
  (gain)/loss on asset sales and other","Net
  (gain)/loss on asset sales and other","(139)","(697)"
"10","","Changes
  in operating assets and liabilities, net of acquisitions/divestitures","Changes
  in operating assets and liabilities, net of acquisitions/divestitures","(3,121)","(868)"
"11","Net
  cash provided by operating activities","Net
  cash provided by operating activities","Net
  cash provided by operating activities","10,957","13,240"
"12","","","","",""
"13","Cash
  flows from investing activities:","Cash
  flows from investing activities:","Cash
  flows from investing activities:","",""
"14","","Payments
  for property, plant and equipment","Payments
  for property, plant and equipment","(2,559)","(3,082)"
"15","","Proceeds
  from disposition of property, plant and equipment","Proceeds
  from disposition of property, plant and equipment","256","233"
"16","","Investment
  in software","Investment
  in software","(406)","(476)"
"17","","Acquisition
  of businesses, net of cash acquired","Acquisition
  of businesses, net of cash acquired","(2,562)","(2,266)"
"18","","Divestitures
  of businesses, net of cash transferred","Divestitures
  of businesses, net of cash transferred","247","587"
"19","","Non-operating
  finance receivables — net","Non-operating
  finance receivables — net","284","718"
"20","","Purchases
  of marketable securities and other investments","Purchases
  of marketable securities and other investments","(3,718)","(2,596)"
"21","","Proceeds
  from disposition of marketable securities and other investments","Proceeds
  from disposition of marketable securities and other investments","4,035","1,971"
"22","Net
  cash used in investing activities","Net
  cash used in investing activities","Net
  cash used in investing activities","(4,423)","(4,912)"
"23","","","","",""
"24","Cash
  flows from financing activities:","Cash
  flows from financing activities:","Cash
  flows from financing activities:","",""
"25","","Proceeds
  from new debt","Proceeds
  from new debt","10,066","9,589"
"26","","Payments
  to settle debt","Payments
  to settle debt","(7,740)","(4,991)"
"27","","Short-term
  borrowings/(repayments) less than 90 days — net","Short-term
  borrowings/(repayments) less than 90 days — net","1,074","(2,177)"
"28","","Common
  stock repurchases","Common
  stock repurchases","(8,062)","(8,988)"
"29","","Common
  stock transactions — other","Common
  stock transactions — other","826","1,198"
"30","","Cash
  dividends paid","Cash
  dividends paid","(3,033)","(2,816)"
"31","Net
  cash used in financing activities","Net
  cash used in financing activities","Net
  cash used in financing activities","(6,870)","(8,185)"
"32","","","","",""
"33","Effect
  of exchange rate changes on cash and cash equivalents","Effect
  of exchange rate changes on cash and cash equivalents","Effect
  of exchange rate changes on cash and cash equivalents","(4)","(156)"
"34","Net
  change in cash and cash equivalents","Net
  change in cash and cash equivalents","Net
  change in cash and cash equivalents","(340)","(13)"
"35","","","","",""
"36","Cash
  and cash equivalents at January 1","Cash
  and cash equivalents at January 1","Cash
  and cash equivalents at January 1","10,412","11,922"
"37","Cash
  and cash equivalents at September 30","Cash
  and cash equivalents at September 30","Cash
  and cash equivalents at September 30","10,072","11,909"
"38","","","","",""
"39","","","","",""
"40","(Amounts may not add due to rounding.)","(Amounts may not add due to rounding.)","(Amounts may not add due to rounding.)","",""
"41","","","","",""
"42","(The accompanying notes are an integral part of the
  financial statements.)","(The accompanying notes are an integral part of the
  financial statements.)","(The accompanying notes are an integral part of the
  financial statements.)","",""
