"","X1","X2","X3","X6","X9","X12","X15"
"1","","","","","","",""
"2","","","","Three Months Ended
  September 30,","Three Months Ended
  September 30,","Nine Months Ended
  September 30,","Nine Months Ended
  September 30,"
"3","(Dollars in millions)","(Dollars in millions)","(Dollars in millions)","2013","2012","2013","2012"
"4","Net
  income","Net
  income","Net
  income","4,041","3,824","10,299","10,771"
"5","Other
  comprehensive income/(loss), before tax:","Other
  comprehensive income/(loss), before tax:","Other
  comprehensive income/(loss), before tax:","","","",""
"6","","Foreign
  currency translation adjustments","Foreign
  currency translation adjustments","382","501","(959)","164"
"7","","Net
  changes related to available-for-sale securities:","Net
  changes related to available-for-sale securities:","","","",""
"8","","","Unrealized
  gains/(losses) arising during the period","3","11","0","13"
"9","","","Reclassification
  of (gains)/losses to net income","(5)","(27)","(5)","(43)"
"10","","","Subsequent
  changes in previously impaired","","","",""
"11","","","securities arising during the period","1","(7)","3","20"
"12","","Total
  net changes related to available-for-sale securities","Total
  net changes related to available-for-sale securities","(1)","(24)","(1)","(10)"
"13","","Unrealized
  gains/(losses) on cash flow hedges:","Unrealized
  gains/(losses) on cash flow hedges:","","","",""
"14","","","Unrealized
  gains/(losses) arising during the period","(409)","(54)","(58)","65"
"15","","","Reclassification
  of (gains)/losses to net income","(27)","(112)","(130)","(246)"
"16","","Total
  unrealized gains/(losses) on cash flow hedges","Total
  unrealized gains/(losses) on cash flow hedges","(436)","(165)","(188)","(181)"
"17","","Retirement-related
  benefit plans:","Retirement-related
  benefit plans:","","","",""
"18","","","Prior
  service costs/(credits)","0","0","33","0"
"19","","","Net
  (losses)/gains arising during the period","105","1","300","66"
"20","","","Curtailments
  and settlements","0","(2)","0","(1)"
"21","","","Amortization
  of prior service (credits)/costs","(28)","(37)","(86)","(112)"
"22","","","Amortization
  of net (gains)/losses","872","613","2,623","1,846"
"23","","Total
  retirement-related benefit plans","Total
  retirement-related benefit plans","949","575","2,869","1,799"
"24","Other
  comprehensive income/(loss), before tax","Other
  comprehensive income/(loss), before tax","Other
  comprehensive income/(loss), before tax","895","887","1,721","1,771"
"25","Income
  tax (expense)/benefit related to items of","Income
  tax (expense)/benefit related to items of","Income
  tax (expense)/benefit related to items of","","","",""
"26","","","other
  comprehensive income","(91)","(109)","(933)","(606)"
"27","Other
  comprehensive income/(loss)","Other
  comprehensive income/(loss)","Other
  comprehensive income/(loss)","804","778","788","1,165"
"28","Total
  comprehensive income/(loss)","Total
  comprehensive income/(loss)","Total
  comprehensive income/(loss)","4,844","4,601","11,087","11,936"
"29","","","","","","",""
"30","(Amounts may not add due to rounding.)","(Amounts may not add due to rounding.)","(Amounts may not add due to rounding.)","","","",""
"31","","","","","","",""
"32","(The accompanying notes are an integral part of the financial
  statements.)","(The accompanying notes are an integral part of the financial
  statements.)","(The accompanying notes are an integral part of the financial
  statements.)","(The accompanying notes are an integral part of the financial
  statements.)","","",""
