"","X2","X3","X4","X7","X10"
"1","","","","At September 30,","At December 31,"
"2","(Dollars in millions)","(Dollars in millions)","(Dollars in millions)","2013","2012"
"3","Assets:","Assets:","Assets:","",""
"4","Current
  assets:","Current
  assets:","Current
  assets:","",""
"5","","Cash
  and cash equivalents","Cash
  and cash equivalents","10,072","10,412"
"6","","Marketable
  securities","Marketable
  securities","160","717"
"7","","Notes
  and accounts receivable - trade (net of allowances of $273","Notes
  and accounts receivable - trade (net of allowances of $273","",""
"8","","","in
  2013 and $255 in 2012)","9,865","10,667"
"9","","Short-term
  financing receivables (net of allowances of $280 in 2013","Short-term
  financing receivables (net of allowances of $280 in 2013","",""
"10","","","and
  $288 in 2012)","16,786","18,038"
"11","","Other
  accounts receivable (net of allowances of $29 in 2013 and","Other
  accounts receivable (net of allowances of $29 in 2013 and","",""
"12","","","$17
  in 2012)","1,683","1,873"
"13","","Inventories,
  at lower of average cost or market:","Inventories,
  at lower of average cost or market:","",""
"14","","","Finished
  goods","528","475"
"15","","","Work
  in process and raw materials","1,964","1,812"
"16","","Total
  inventories","Total
  inventories","2,492","2,287"
"17","","Deferred
  taxes","Deferred
  taxes","1,752","1,415"
"18","","Prepaid
  expenses and other current assets","Prepaid
  expenses and other current assets","4,723","4,024"
"19","Total
  current assets","Total
  current assets","Total
  current assets","47,533","49,433"
"20","","","","",""
"21","Property,
  plant and equipment","Property,
  plant and equipment","Property,
  plant and equipment","40,808","40,501"
"22","","Less:
  Accumulated depreciation","Less:
  Accumulated depreciation","26,931","26,505"
"23","Property,
  plant and equipment — net","Property,
  plant and equipment — net","Property,
  plant and equipment — net","13,877","13,996"
"24","Long-term
  financing receivables (net of allowances of $72 in 2013","Long-term
  financing receivables (net of allowances of $72 in 2013","Long-term
  financing receivables (net of allowances of $72 in 2013","",""
"25","","and
  $66 in 2012)","and
  $66 in 2012)","11,675","12,812"
"26","Prepaid
  pension assets","Prepaid
  pension assets","Prepaid
  pension assets","1,476","945"
"27","Deferred
  taxes","Deferred
  taxes","Deferred
  taxes","3,682","3,973"
"28","Goodwill","Goodwill","Goodwill","30,882","29,247"
"29","Intangible
  assets — net","Intangible
  assets — net","Intangible
  assets — net","4,003","3,787"
"30","Investments
  and sundry assets","Investments
  and sundry assets","Investments
  and sundry assets","4,718","5,021"
"31","Total
  assets","Total
  assets","Total
  assets","117,845","119,213"
"32","","","","",""
"33","(Amounts may not add due to rounding.)","(Amounts may not add due to rounding.)","(Amounts may not add due to rounding.)","",""
"34","","","","",""
"35","(The accompanying notes are an integral part of the
  financial statements.)","(The accompanying notes are an integral part of the
  financial statements.)","(The accompanying notes are an integral part of the
  financial statements.)","",""
