"","X1","X2","X3","X6","X9","X11","X12","X13","X14"
"1","Systems
  and Technology","Systems
  and Technology","Systems
  and Technology","Systems
  and Technology","Systems
  and Technology","Systems
  and Technology","Systems
  and Technology","Systems
  and Technology","Systems
  and Technology"
"2","","","","","","","","","Yr. to Yr."
"3","","","","","","","","","Percent"
"4","","","","","","Yr. to Yr.","Yr. to Yr.","","Change"
"5","(Dollars in millions)","(Dollars in millions)","(Dollars in millions)","","","Percent","Percent","","Adjusted For"
"6","For the three months ended September 30:","For the three months ended September 30:","For the three months ended September 30:","2013","2012","Change","Change","","Currency"
"7","Systems
  and Technology external revenue:","Systems
  and Technology external revenue:","Systems
  and Technology external revenue:","3,247","3,895","","(16.6)","%","(15.7)"
"8","","System
  z","System
  z","","","","6.3","%","7.0"
"9","","Power
  Systems","Power
  Systems","","","","(37.6)","","(36.9)"
"10","","System
  x","System
  x","","","","(17.6)","","(16.4)"
"11","","Storage","Storage","","","","(11.4)","","(9.8)"
"12","","","Total
  Systems excluding RSS","","","","(18.2)","","(17.1)"
"13","","Microelectronics
  OEM","Microelectronics
  OEM","","","","1.3","","1.3"
"14","","","Total
  Systems and Technology excluding RSS","","","","(15.9)","","(15.0)"
"15","","Retail
  Store Solutions (Divested)","Retail
  Store Solutions (Divested)","","","","(98.3)","","(98.3)"
