"","X1","X2","X5","X8","X11","X12","X14","X15"
"1","","","","","","","Yr. to Yr.",""
"2","","","","","","","Percent",""
"3","","","","","Yr. to Yr.","","Change",""
"4","","","At September 30,","At September 30,","Percent","","Adjusted For",""
"5","(Dollars in billions)","(Dollars in billions)","2013","2012","Change","","Currency",""
"6","Backlog:","Backlog:","","","","","",""
"7","","Total
  backlog","141.1","137.7","2.5","%","5.6","%"
"8","","Outsourcing
  backlog","90.1","89.3","0.9","%","4.3","%"
