"","X1","X2","X5","X8","X12","X13","X14","X15"
"1","","","","","Yr. to Yr.","Yr. to Yr.","Yr. to Yr.",""
"2","(Dollars in millions)","(Dollars in millions)","","","Percent","Percent","Percent",""
"3","For the three months ended September 30:","For the three months ended September 30:","2013","2012","Change","Change","Change",""
"4","Retirement-related
  plans – cost:","Retirement-related
  plans – cost:","","","","","",""
"5","","Service
  cost","135","120","","12.4","12.4","%"
"6","","Amortization
  of prior service cost/(credits)","(28)","(37)","","(24.5)","(24.5)",""
"7","","Cost
  of defined contribution plans","341","357","","(4.6)","(4.6)",""
"8","","Total
  operating costs","447","440","","1.7","1.7","%"
"9","","Interest
  cost","929","1,053","","(11.7)","(11.7)","%"
"10","","Expected
  return on plan assets","(1,543)","(1,583)","","(2.5)","(2.5)",""
"11","","Recognized
  actuarial losses","855","600","","42.6","42.6",""
"12","","Plan
  amendments/curtailments/settlements","0","(0)","","nm","nm",""
"13","","Multi-employer
  plan/other costs","16","188","","(91.4)","(91.4)",""
"14","","Total
  non-operating costs/(income)","257","258","","(0.2)","(0.2)","%"
"15","","Total
  retirement-related plans – cost","705","698","","1.0","1.0","%"
"16","","","","","","","",""
"17","nm – not meaningful","nm – not meaningful","","","","","",""
"18","","","","","Yr. to Yr.","Yr. to Yr.","",""
"19","(Dollars in millions)","(Dollars in millions)","","","Percent","Percent","",""
"20","For the nine months ended September 30:","For the nine months ended September 30:","2013","2012","Change","Change","",""
"21","Retirement-related
  plans – cost:","Retirement-related
  plans – cost:","","","","","",""
"22","","Service
  cost","408","367","11.4","11.4","%","%"
"23","","Amortization
  of prior service cost/(credits)","(86)","(112)","(22.8)","(22.8)","",""
"24","","Cost
  of defined contribution plans","1,040","1,152","(9.8)","(9.8)","",""
"25","","Total
  operating costs","1,362","1,407","(3.2)","(3.2)","%","%"
"26","","Interest
  cost","2,791","3,177","(12.2)","(12.2)","%","%"
"27","","Expected
  return on plan assets","(4,630)","(4,763)","(2.8)","(2.8)","",""
"28","","Recognized
  actuarial losses","2,571","1,805","42.4","42.4","",""
"29","","Plan
  amendments/curtailments/settlements","0","1","nm","nm","",""
"30","","Multi-employer
  plan/other costs","71","234","(69.5)","(69.5)","",""
"31","","Total
  non-operating costs/(income)","803","454","76.8","76.8","%","%"
"32","","Total
  retirement-related plans – cost","2,165","1,862","16.3","16.3","%","%"
"33","","","","","","","",""
"34","nm – not meaningful","nm – not meaningful","","","","","",""
"35","","","","","","","",""
