"","X1","X4","X7"
"1","(Dollars in millions)","",""
"2","For the nine months ended September 30:","2013","2012"
"3","Net
  cash from operating activities per GAAP:","10,957","13,240"
"4","Less:
  the change in Global Financing receivables","1,628","1,245"
"5","Net
  cash from operating activities, excluding Global Financing receivables","9,329","11,995"
"6","Capital expenditures, net","(2,709)","(3,326)"
"7","Free
  cash flow","6,620","8,670"
"8","Acquisitions","(2,562)","(2,266)"
"9","Divestitures","247","587"
"10","Share repurchase","(8,062)","(8,988)"
"11","Dividends","(3,033)","(2,816)"
"12","Non-Global Financing debt","1,556","2,284"
"13","Other (includes Global Financing receivables and Global Financing debt)","4,337","2,861"
"14","Change
  in cash, cash equivalents and short-term marketable securities","(897)","331"
