"","X1","X2","X5","X8","X11"
"1","","","","",""
"2","(Dollars in millions)","(Dollars in millions)","Major","Growth",""
"3","At September 30, 2013","At September 30, 2013","Markets","Markets","Total"
"4","Financing
  receivables:","Financing
  receivables:","","",""
"5","","Lease
  receivables","6,705","2,104","8,809"
"6","","Loan
  receivables","9,042","3,830","12,871"
"7","Ending
  balance","Ending
  balance","15,747","5,934","21,681"
"8","Collectively
  evaluated for impairment","Collectively
  evaluated for impairment","15,629","5,767","21,395"
"9","Individually
  evaluated for impairment","Individually
  evaluated for impairment","118","167","285"
"10","Allowance
  for credit losses:","Allowance
  for credit losses:","","",""
"11","Beginning
  balance at January 1, 2013","Beginning
  balance at January 1, 2013","","",""
"12","","Lease
  receivables","59","55","114"
"13","","Loan
  receivables","121","84","204"
"14","Total","Total","180","138","318"
"15","","Write-offs","(21)","(9)","(30)"
"16","","Provision","(26)","66","40"
"17","","Other","—","(4)","(4)"
"18","Ending
  balance at September 30, 2013","Ending
  balance at September 30, 2013","134","190","324"
"19","","Lease
  receivables","42","64","106"
"20","","Loan
  receivables","92","126","218"
"21","","","","",""
"22","Collectively
  evaluated for impairment","Collectively
  evaluated for impairment","40","37","77"
"23","Individually
  evaluated for impairment","Individually
  evaluated for impairment","94","153","247"
"24","","","","",""
