"","X1","X2","X5","X6","X8","X9","X10","X11","X12"
"1","","","","","","","Yr. to Yr.","Yr. to Yr.",""
"2","","","","","","","Percent/","Percent/",""
"3","(Dollars in millions)","(Dollars in millions)","","","","","Margin","Margin",""
"4","For the three months ended September 30:","For the three months ended September 30:","2013","","2012","","Change","Change",""
"5","Software:","Software:","","","","","","",""
"6","","External
  gross profit","5,101","","5,073","","","0.6","%"
"7","","External
  gross profit margin","88.0","%","88.0","%","","(0.0)","pts."
"8","","Pre-tax
  income","2,410","","2,355","","","2.3","%"
"9","","Pre-tax
  margin","36.8","%","35.6","%","","1.2","pts."
