"","X1","X4","X5","X7","X10","X11","X13"
"1","Originations","","","","","",""
"2","","","","","","",""
"3","The following are total financing originations:","The following are total financing originations:","The following are total financing originations:","The following are total financing originations:","The following are total financing originations:","The following are total financing originations:","The following are total financing originations:"
"4","","","","","","",""
"5","","Three Months Ended","Three Months Ended","Three Months Ended","Nine Months Ended","Nine Months Ended","Nine Months Ended"
"6","","September 30,","September 30,","September 30,","September 30,","September 30,","September 30,"
"7","(Dollars in millions)","2013","","2012","2013","","2012"
"8","Client
  financing","3,158","","3,013","10,141","","9,809"
"9","Commercial
  financing","9,754","","8,413","28,549","","25,507"
"10","Total","12,912","","11,426","38,690","","35,316"
