"","X1","X4","X7","X10","X13","X14","X16","X19"
"1","","","","","","","",""
"2","","","","","","Foreign","Foreign",""
"3","","","","","","Currency","Currency",""
"4","","","","Purchase","","Translation","Translation",""
"5","(Dollars in millions)","Balance","Goodwill","Price","","And Other","And Other","Balance"
"6","Segment","01/01/13","Additions","Adjustments","Divestitures","Adjustments","Adjustments","9/30/13"
"7","Global
  Business Services","4,357","—","(0)","—","","(26)","4,331"
"8","Global
  Technology Services","2,916","1,245","5","—","","(41)","4,126"
"9","Software","20,405","577","(25)","(2)","","(137)","20,818"
"10","Systems
  and Technology","1,568","13","33","—","","(7)","1,607"
"11","Total","29,247","1,834","13","(2)","","(211)","30,882"
"12","","","","","","","",""
