"","X1","X2","X4","X7","X8","X10","X13","X14","X16"
"1","","","","","","","","",""
"2","The Effect of Derivative Instruments in
  the Consolidated Statement of Earnings","The Effect of Derivative Instruments in
  the Consolidated Statement of Earnings","The Effect of Derivative Instruments in
  the Consolidated Statement of Earnings","The Effect of Derivative Instruments in
  the Consolidated Statement of Earnings","The Effect of Derivative Instruments in
  the Consolidated Statement of Earnings","The Effect of Derivative Instruments in
  the Consolidated Statement of Earnings","The Effect of Derivative Instruments in
  the Consolidated Statement of Earnings","The Effect of Derivative Instruments in
  the Consolidated Statement of Earnings","The Effect of Derivative Instruments in
  the Consolidated Statement of Earnings"
"3","For the three months ended September 30,
  2013 and 2012","For the three months ended September 30,
  2013 and 2012","For the three months ended September 30,
  2013 and 2012","For the three months ended September 30,
  2013 and 2012","For the three months ended September 30,
  2013 and 2012","For the three months ended September 30,
  2013 and 2012","For the three months ended September 30,
  2013 and 2012","For the three months ended September 30,
  2013 and 2012","For the three months ended September 30,
  2013 and 2012"
"4","","","","","","","","",""
"5","(Dollars in millions)","(Dollars in millions)","Gain (Loss) Recognized in
  Earnings","Gain (Loss) Recognized in
  Earnings","Gain (Loss) Recognized in
  Earnings","Gain (Loss) Recognized in
  Earnings","Gain (Loss) Recognized in
  Earnings","Gain (Loss) Recognized in
  Earnings","Gain (Loss) Recognized in
  Earnings"
"6","","","Consolidated","","","","","",""
"7","","","Statement of","Recognized on","Recognized on","Recognized on","Attributable to Risk","Attributable to Risk","Attributable to Risk"
"8","","","Earnings Line Item","Derivatives(1)","Derivatives(1)","Derivatives(1)","Being Hedged(2)","Being Hedged(2)","Being Hedged(2)"
"9","For the three months ended September 30:","For the three months ended September 30:","","2013","","2012","2013","","2012"
"10","Derivative instruments in fair value hedges:","Derivative instruments in fair value hedges:","","","","","","",""
"11","Interest
  rate contracts","Interest
  rate contracts","Cost
  of financing","5","","13","19","","19"
"12","","","Interest
  expense","3","","11","12","","16"
"13","Derivative instruments not designated as","Derivative instruments not designated as","","","","","","",""
"14","","hedging instruments(1):","","","","","","",""
"15","Foreign
  exchange contracts","Foreign
  exchange contracts","Other
  (income)","","","","","",""
"16","","","and
  expense","254","","148","N/A","","N/A"
"17","Equity
  contracts","Equity
  contracts","SG&A
  expense","46","","54","N/A","","N/A"
"18","","","","","","","","",""
"19","Total","Total","","308","","226","31","","35"
"20","","","","","","","","",""
