"","X1","X2","X5","X8","X11","X14"
"1","","","Liability","","","Liability"
"2","","","as of","","Other","as of"
"3","(Dollars in millions)","(Dollars in millions)","01/01/13","Payments","Adjustments*","9/30/2013"
"4","Current:","Current:","","","",""
"5","","Workforce","28","(22)","25","31"
"6","","Space","2","(1)","(1)","0"
"7","Total
  current","Total
  current","30","(23)","24","31"
"8","Noncurrent:","Noncurrent:","","","",""
"9","","Workforce","430","—","1","430"
"10","","Space","0","—","0","0"
"11","Total
  noncurrent","Total
  noncurrent","430","—","1","430"
"12","","","","","",""
"13","*   Principally includes the reclassification of
  noncurrent to current, foreign currency translation adjustments and interest
  accretion.","*   Principally includes the reclassification of
  noncurrent to current, foreign currency translation adjustments and interest
  accretion.","*   Principally includes the reclassification of
  noncurrent to current, foreign currency translation adjustments and interest
  accretion.","*   Principally includes the reclassification of
  noncurrent to current, foreign currency translation adjustments and interest
  accretion.","*   Principally includes the reclassification of
  noncurrent to current, foreign currency translation adjustments and interest
  accretion.","*   Principally includes the reclassification of
  noncurrent to current, foreign currency translation adjustments and interest
  accretion."
