"","X1","X2","X5","X8","X11","X14"
"1","","","","","",""
"2","(Dollars in millions)","(Dollars in millions)","U.S. Plan","U.S. Plan","Non-U.S. Plans","Non-U.S. Plans"
"3","For the nine months ended September 30:","For the nine months ended September 30:","2013","2012","2013","2012"
"4","Service
  cost","Service
  cost","26","28","7","7"
"5","Interest
  cost","Interest
  cost","123","150","46","48"
"6","Expected
  return on plan assets","Expected
  return on plan assets","(1)","—","(7)","(7)"
"7","Amortization
  of prior service credits","Amortization
  of prior service credits","—","—","(4)","(3)"
"8","Recognized
  actuarial losses","Recognized
  actuarial losses","16","24","18","13"
"9","Curtailments
  and settlements","Curtailments
  and settlements","—","—","0","—"
"10","Total
  nonpension postretirement plan cost recognized in","Total
  nonpension postretirement plan cost recognized in","","","",""
"11","","Consolidated
  Statement of Earnings","164","201","60","58"
"12","","","","","",""
