"","X1","X2","X3","X8","X9","X10","X14","X15","X16","X17","X18","X19"
"1","Expense","Expense","Expense","Expense","Expense","Expense","Expense","Expense","Expense","Expense","Expense","Expense"
"2","","","","","","","","","","","",""
"3","Total
  Expense and Other Income","Total
  Expense and Other Income","Total
  Expense and Other Income","Total
  Expense and Other Income","Total
  Expense and Other Income","Total
  Expense and Other Income","Total
  Expense and Other Income","Total
  Expense and Other Income","Total
  Expense and Other Income","Total
  Expense and Other Income","Total
  Expense and Other Income","Total
  Expense and Other Income"
"4","","","","","","","","","","Yr. to Yr.","Yr. to Yr.",""
"5","(Dollars in millions)","(Dollars in millions)","","","","","","","","Percent","Percent",""
"6","For the three months ended September
  30:","For the three months ended September
  30:","","2013","","","2012","","","Change","Change",""
"7","Total
  consolidated expense and other (income)","Total
  consolidated expense and other (income)","","6,567","","","6,657","","","(1.4)","(1.4)","%"
"8","Non-operating
  adjustments:","Non-operating
  adjustments:","","","","","","","","","",""
"9","","Amortization
  of acquired intangible assets","","(100)","","","(83)","","","19.9","19.9",""
"10","","Acquisition-related
  charges","","(12)","","","(9)","","","27.7","27.7",""
"11","","Non-operating
  retirement-related (costs)/income","","(103)","","","(191)","","","(45.9)","(45.9)",""
"12","Total
  operating (non-GAAP) expense and other (income)","Total
  operating (non-GAAP) expense and other (income)","","6,352","","","6,374","","","(0.3)","(0.3)","%"
"13","Total
  consolidated expense-to-revenue ratio","Total
  consolidated expense-to-revenue ratio","","27.7","%","%","26.9","%","%","0.8","0.8","pts."
"14","Operating
  (non-GAAP) expense-to-revenue ratio","Operating
  (non-GAAP) expense-to-revenue ratio","","26.8","%","%","25.8","%","%","1.0","1.0","pts."
"15","","","","","","","","","","","",""
"16","","","","","","","","","","","Yr. to Yr.",""
"17","(Dollars in millions)","(Dollars in millions)","(Dollars in millions)","","","","","","","","Percent",""
"18","For the nine months ended September
  30:","For the nine months ended September
  30:","For the nine months ended September
  30:","2013","2013","","2012","2012","","","Change",""
"19","Total
  consolidated expense and other (income)","Total
  consolidated expense and other (income)","Total
  consolidated expense and other (income)","21,627","21,627","","21,060","21,060","","","2.7","%"
"20","Non-operating
  adjustments:","Non-operating
  adjustments:","Non-operating
  adjustments:","","","","","","","","",""
"21","","Amortization
  of acquired intangible assets","Amortization
  of acquired intangible assets","(277)","(277)","","(241)","(241)","","","14.7",""
"22","","Acquisition-related
  charges","Acquisition-related
  charges","(25)","(25)","","(23)","(23)","","","5.5",""
"23","","Non-operating
  retirement-related (costs)/income","Non-operating
  retirement-related (costs)/income","(329)","(329)","","(251)","(251)","","","31.2",""
"24","Total
  operating (non-GAAP) expense and other (income)","Total
  operating (non-GAAP) expense and other (income)","Total
  operating (non-GAAP) expense and other (income)","20,997","20,997","","20,545","20,545","","","2.2","%"
"25","Total
  consolidated expense-to-revenue ratio","Total
  consolidated expense-to-revenue ratio","Total
  consolidated expense-to-revenue ratio","30.0","30.0","%","28.0","28.0","%","%","2.0","pts."
"26","Operating
  (non-GAAP) expense-to-revenue ratio","Operating
  (non-GAAP) expense-to-revenue ratio","Operating
  (non-GAAP) expense-to-revenue ratio","29.1","29.1","%","27.3","27.3","%","%","1.8","pts."
"27","","","","","","","","","","","",""
