"","X1","X2","X5","X8","X10","X11","X12"
"1","","","","","Yr. to Yr.","Yr. to Yr.",""
"2","","","","","Percent","Percent",""
"3","For the three months ended September 30:","For the three months ended September 30:","2013","2012","Change","Change",""
"4","Earnings
  per share of common stock:","Earnings
  per share of common stock:","","","","",""
"5","","Assuming
  dilution","3.68","3.33","","10.5","%"
"6","","Basic","3.70","3.36","","10.1","%"
"7","","Diluted
  operating (non-GAAP)","3.99","3.62","","10.2","%"
"8","Weighted-average
  shares outstanding: (in millions)","Weighted-average
  shares outstanding: (in millions)","","","","",""
"9","","Assuming
  dilution","1,098.8","1,149.3","","(4.4)","%"
"10","","Basic","1,090.9","1,137.2","","(4.1)","%"
