"","X1","X2","X5","X9","X11","X12","X13"
"1","","","","","","",""
"2","","","","","Yr. to Yr.","Yr. to Yr.",""
"3","","","","","Percent/","Percent/",""
"4","(Dollars in millions except per share amounts)","(Dollars in millions except per share amounts)","","","Margin","Margin",""
"5","For the three months ended September 30:","For the three months ended September 30:","2013","2012","Change","Change",""
"6","Revenue","Revenue","23,720","24,747","","(4.1)","%*"
"7","Gross
  profit margin","Gross
  profit margin","48.0","47.4","","0.6","pts."
"8","Total
  expense and other income","Total
  expense and other income","6,567","6,657","","(1.4)","%"
"9","Total
  expense and other income to revenue ratio","Total
  expense and other income to revenue ratio","27.7","26.9","","0.8","pts."
"10","Provision
  for income taxes","Provision
  for income taxes","772","1,251","","(38.3)","%"
"11","Net
  income","Net
  income","4,041","3,824","","5.7","%"
"12","Net
  income margin","Net
  income margin","17.0","15.5","","1.6","pts."
"13","Earnings
  per share:","Earnings
  per share:","","","","",""
"14","","Assuming
  dilution","3.68","3.33","","10.5","%"
"15","","Basic","3.70","3.36","","10.1","%"
"16","Weighted-average
  shares outstanding:","Weighted-average
  shares outstanding:","","","","",""
"17","","Assuming
  dilution","1,098.8","1,149.3","","(4.4)","%"
"18","","Basic","1,090.9","1,137.2","","(4.1)","%"
"19","","","","","","",""
"20","* 1.6 percent decrease adjusted for currency","* 1.6 percent decrease adjusted for currency","* 1.6 percent decrease adjusted for currency","* 1.6 percent decrease adjusted for currency","* 1.6 percent decrease adjusted for currency","* 1.6 percent decrease adjusted for currency","* 1.6 percent decrease adjusted for currency"
"21","","","","","","",""
