"","X2","X3","X5","X6","X8","X9","X11","X12","X14"
"1","Roll
  Forward of  Global Financing Receivables Allowance for Credit Losses","Roll
  Forward of  Global Financing Receivables Allowance for Credit Losses","Roll
  Forward of  Global Financing Receivables Allowance for Credit Losses","Roll
  Forward of  Global Financing Receivables Allowance for Credit Losses","Roll
  Forward of  Global Financing Receivables Allowance for Credit Losses","Roll
  Forward of  Global Financing Receivables Allowance for Credit Losses","Roll
  Forward of  Global Financing Receivables Allowance for Credit Losses","Roll
  Forward of  Global Financing Receivables Allowance for Credit Losses","Roll
  Forward of  Global Financing Receivables Allowance for Credit Losses"
"2","","","","","","","","",""
"3","","","","","","","","",""
"4","(Dollars in millions)","","Allowance","","Additions/","","","",""
"5","January 1, 2013","","Used*","","(Reductions)","","Other**","","September 30, 2013"
"6","355","","(31)","","35","","(4)","","354"
"7","","","","","","","","",""
"8","*   Represents reserved receivables, net of recoveries,
  that were disposed of during the period.","*   Represents reserved receivables, net of recoveries,
  that were disposed of during the period.","*   Represents reserved receivables, net of recoveries,
  that were disposed of during the period.","*   Represents reserved receivables, net of recoveries,
  that were disposed of during the period.","*   Represents reserved receivables, net of recoveries,
  that were disposed of during the period.","*   Represents reserved receivables, net of recoveries,
  that were disposed of during the period.","*   Represents reserved receivables, net of recoveries,
  that were disposed of during the period.","*   Represents reserved receivables, net of recoveries,
  that were disposed of during the period.","*   Represents reserved receivables, net of recoveries,
  that were disposed of during the period."
"9","** Primarily represents translation adjustments.","** Primarily represents translation adjustments.","** Primarily represents translation adjustments.","** Primarily represents translation adjustments.","** Primarily represents translation adjustments.","** Primarily represents translation adjustments.","** Primarily represents translation adjustments.","** Primarily represents translation adjustments.","** Primarily represents translation adjustments."
