"","X1","X4","X5","X6","X8","X9","X12","X13","X14","X16","X17"
"1","","Three Months Ended","Three Months Ended","Three Months Ended","Three Months Ended","Three Months Ended","Nine Months Ended","Nine Months Ended","Nine Months Ended","Nine Months Ended","Nine Months Ended"
"2","","September 30,","September 30,","September 30,","September 30,","","September 30,","September 30,","September 30,","September 30,",""
"3","(Dollars in millions)","2013","2013","","2012","2012","2013","2013","","2012","2012"
"4","Numerator:","","","","","","","","","",""
"5","Global
  Financing after tax income*","333","","","319","","1,066","","","1,016",""
"6","Annualized
  after tax income (A)","1,331","","","1,277","","1,421","","","1,355",""
"7","Denominator:","","","","","","","","","",""
"8","Average
  Global Financing equity (B)**","3,543","","","3,253","","3,525","","","3,279",""
"9","Global
  Financing return on equity(A)/(B)","37.6","%","","39.3","%","40.3","%","","41.3","%"
