"","X1","X4","X7"
"1","","At September 30,","At December 31,"
"2","(Dollars in millions)","2013","2012"
"3","Current:","",""
"4","Net
  investment in sales-type and direct financing leases","4,078","3,862"
"5","Commercial
  financing receivables","6,278","7,750"
"6","Client
  loan receivables","5,218","5,395"
"7","Installment
  payment receivables","1,212","1,031"
"8","Total","16,786","18,038"
"9","Noncurrent:","",""
"10","Net
  investment in sales-type and direct financing leases","5,454","6,107"
"11","Commercial
  financing receivables","—","5"
"12","Client
  loan receivables","5,555","5,966"
"13","Installment
  payment receivables","666","733"
"14","Total","11,675","12,812"
