"","X1","X2","X5","X8","X11","X14"
"1","","","","","",""
"2","","","Three Months Ended
  September 30,","Three Months Ended
  September 30,","Nine Months Ended
  September 30,","Nine Months Ended
  September 30,"
"3","(Dollars in millions except
  per share amounts)","(Dollars in millions except
  per share amounts)","2013","2012","2013","2012"
"4","Revenue:","Revenue:","","","",""
"5","Services","Services","14,225","14,626","42,811","44,279"
"6","Sales","Sales","8,987","9,642","27,735","29,424"
"7","Financing","Financing","509","479","1,506","1,500"
"8","Total
  revenue","Total
  revenue","23,720","24,747","72,052","75,203"
"9","Cost:","Cost:","","","",""
"10","Services","Services","9,098","9,515","27,950","29,285"
"11","Sales","Sales","2,975","3,242","9,108","10,003"
"12","Financing","Financing","268","258","805","784"
"13","Total
  cost","Total
  cost","12,341","13,016","37,863","40,072"
"14","Gross
  profit","Gross
  profit","11,380","11,732","34,189","35,131"
"15","Expense
  and other income:","Expense
  and other income:","","","",""
"16","Selling,
  general and administrative","Selling,
  general and administrative","5,255","5,908","17,512","17,632"
"17","Research,
  development and engineering","Research,
  development and engineering","1,468","1,534","4,661","4,722"
"18","Intellectual
  property and custom","Intellectual
  property and custom","","","",""
"19","","development
  income","(191)","(303)","(621)","(847)"
"20","Other
  (income) and expense","Other
  (income) and expense","(62)","(606)","(214)","(796)"
"21","Interest
  expense","Interest
  expense","97","124","289","350"
"22","Total
  expense and other income","Total
  expense and other income","6,567","6,657","21,627","21,060"
"23","Income
  before income taxes","Income
  before income taxes","4,812","5,074","12,562","14,071"
"24","Provision
  for income taxes","Provision
  for income taxes","772","1,251","2,263","3,300"
"25","Net
  income","Net
  income","4,041","3,824","10,299","10,771"
"26","","","","","",""
"27","Earnings
  per share of common stock:","Earnings
  per share of common stock:","","","",""
"28","","Assuming
  dilution","3.68","3.33","9.27","9.27"
"29","","Basic","3.70","3.36","9.35","9.38"
"30","Weighted-average
  number of common","Weighted-average
  number of common","","","",""
"31","","shares
  outstanding: (millions)","","","",""
"32","","Assuming
  dilution","1,098.8","1,149.3","1,110.7","1,161.8"
"33","","Basic","1,090.9","1,137.2","1,101.8","1,148.4"
"34","","","","","",""
"35","Cash
  dividend per common share","Cash
  dividend per common share","0.95","0.85","2.75","2.45"
"36","","","","","",""
"37","(Amounts may not add due to rounding.)","(Amounts may not add due to rounding.)","","","",""
"38","","","","","",""
"39","(The accompanying notes are an integral part of the
  financial statements.)","(The accompanying notes are an integral part of the
  financial statements.)","(The accompanying notes are an integral part of the
  financial statements.)","(The accompanying notes are an integral part of the
  financial statements.)","",""
