"","X1","X2","X5","X8","X9","X10","X11"
"1","","","","","Yr. to Yr.","Yr. to Yr.",""
"2","(Dollars in millions except per share amounts)","(Dollars in millions except per share amounts)","","","Percent","Percent",""
"3","For the three months ended September 30:","For the three months ended September 30:","2013","2012","Change","Change",""
"4","Net
  income as reported","Net
  income as reported","4,041","3,824","","5.7","%"
"5","Non-operating
  adjustments (net of tax):","Non-operating
  adjustments (net of tax):","","","","",""
"6","","Acquisition-related
  charges","166","141","","17.9",""
"7","","Non-operating
  retirement-related costs/(income)","181","191","","(5.6)",""
"8","Operating
  (non-GAAP) earnings*","Operating
  (non-GAAP) earnings*","4,387","4,155","","5.6","%"
"9","Diluted
  operating (non-GAAP) earnings per share","Diluted
  operating (non-GAAP) earnings per share","3.99","3.62","","10.2","%"
"10","","","","","","",""
"11","* See pages 81 and 82 for a more detailed reconciliation
  of net income to operating earnings.","* See pages 81 and 82 for a more detailed reconciliation
  of net income to operating earnings.","* See pages 81 and 82 for a more detailed reconciliation
  of net income to operating earnings.","* See pages 81 and 82 for a more detailed reconciliation
  of net income to operating earnings.","* See pages 81 and 82 for a more detailed reconciliation
  of net income to operating earnings.","* See pages 81 and 82 for a more detailed reconciliation
  of net income to operating earnings.","* See pages 81 and 82 for a more detailed reconciliation
  of net income to operating earnings."
"12","","","","","Yr. to Yr.","Yr. to Yr.",""
"13","(Dollars in millions except per share amounts)","(Dollars in millions except per share amounts)","","","Percent","Percent",""
"14","For the nine months ended September 30:","For the nine months ended September 30:","2013","2012","Change","Change",""
"15","Net
  income as reported","Net
  income as reported","10,299","10,771","","(4.4)","%"
"16","Non-operating
  adjustments (net of tax):","Non-operating
  adjustments (net of tax):","","","","",""
"17","","Acquisition-related
  charges","479","399","","20.0",""
"18","","Non-operating
  retirement-related costs/(income)","564","328","","72.2",""
"19","Operating
  (non-GAAP) earnings*","Operating
  (non-GAAP) earnings*","11,342","11,498","","(1.4)","%"
"20","Diluted
  operating (non-GAAP) earnings per share","Diluted
  operating (non-GAAP) earnings per share","10.21","9.90","","3.1","%"
"21","","","","","","",""
"22","* See pages 81 and 82 for a more detailed reconciliation
  of net income to operating earnings.","* See pages 81 and 82 for a more detailed reconciliation
  of net income to operating earnings.","* See pages 81 and 82 for a more detailed reconciliation
  of net income to operating earnings.","* See pages 81 and 82 for a more detailed reconciliation
  of net income to operating earnings.","* See pages 81 and 82 for a more detailed reconciliation
  of net income to operating earnings.","* See pages 81 and 82 for a more detailed reconciliation
  of net income to operating earnings.","* See pages 81 and 82 for a more detailed reconciliation
  of net income to operating earnings."
