"","X1","X2","X3","X6","X7","X10","X11","X13","X14","X15","X16"
"1","","","","","","","","","","Yr. to Yr.",""
"2","","","","","","","","","","Percent",""
"3","","","","","","","","Yr. to Yr.","","Change",""
"4","(Dollars in millions)","(Dollars in millions)","(Dollars in millions)","","","","","Percent/Margin","","Adjusted For",""
"5","For the three months ended September 30:","For the three months ended September 30:","For the three months ended September 30:","2013","","2012","","Change","","Currency",""
"6","Revenue:","Revenue:","Revenue:","","","","","","","",""
"7","","Global
  Technology Services","Global
  Technology Services","9,494","","9,922","","(4.3)","%","(1.1)","%"
"8","","","Gross
  margin","39.0","%","37.3","%","1.7","pts.","",""
"9","","Global
  Business Services","Global
  Business Services","4,558","","4,542","","0.4","%","4.5","%"
"10","","","Gross
  margin","32.9","%","31.2","%","1.8","pts.","",""
"11","","Software","Software","5,798","","5,763","","0.6","%","1.7","%"
"12","","","Gross
  margin","88.0","%","88.0","%","(0.0)","pts.","",""
"13","","Systems
  and Technology","Systems
  and Technology","3,247","","3,895","","(16.6)","%","(15.7)","%"
"14","","","Gross
  margin","33.6","%","37.3","%","(3.6)","pts.","",""
"15","","Global
  Financing","Global
  Financing","502","","472","","6.5","%","9.3","%"
"16","","","Gross
  margin","47.2","%","45.8","%","1.4","pts.","",""
"17","","Other","Other","122","","154","","(20.8)","%","(19.7)","%"
"18","","","Gross
  margin","(211.6)","%","(80.4)","%","(131.2)","pts.","",""
"19","Total
  consolidated revenue","Total
  consolidated revenue","Total
  consolidated revenue","23,720","","24,747","","(4.1)","%","(1.6)","%"
"20","Total
  consolidated gross profit","Total
  consolidated gross profit","Total
  consolidated gross profit","11,380","","11,732","","(3.0)","%","",""
"21","","Total
  consolidated gross margin","Total
  consolidated gross margin","48.0","%","47.4","%","0.6","pts.","",""
"22","Non-operating
  adjustments:","Non-operating
  adjustments:","Non-operating
  adjustments:","","","","","","","",""
"23","","Amortization
  of acquired intangible assets","Amortization
  of acquired intangible assets","101","","95","","6.7","%","",""
"24","","Acquisition-related
  charges","Acquisition-related
  charges","1","","0","","nm","","",""
"25","","Retirement-related
  costs/(income)","Retirement-related
  costs/(income)","154","","67","","129.9","","",""
"26","Operating
  (non-GAAP) gross profit","Operating
  (non-GAAP) gross profit","Operating
  (non-GAAP) gross profit","11,636","","11,894","","(2.2)","%","",""
"27","","Operating
  (non-GAAP) gross margin","Operating
  (non-GAAP) gross margin","49.1","%","48.1","%","1.0","pts.","",""
"28","","","","","","","","","","",""
"29","nm - not meaningful","nm - not meaningful","nm - not meaningful","nm - not meaningful","nm - not meaningful","nm - not meaningful","nm - not meaningful","nm - not meaningful","nm - not meaningful","nm - not meaningful","nm - not meaningful"
