"","X1","X2","X5","X8","X11"
"1","","","","",""
"2","(Dollars in millions)","(Dollars in millions)","Major","Growth",""
"3","At December 31, 2012","At December 31, 2012","Markets","Markets","Total"
"4","Financing
  receivables:","Financing
  receivables:","","",""
"5","","Lease
  receivables","7,036","2,138","9,174"
"6","","Loan
  receivables","9,666","3,670","13,336"
"7","Ending
  balance","Ending
  balance","16,701","5,808","22,510"
"8","Collectively
  evaluated for impairment","Collectively
  evaluated for impairment","16,570","5,684","22,254"
"9","Individually
  evaluated for impairment","Individually
  evaluated for impairment","131","125","256"
"10","Allowance
  for credit losses:","Allowance
  for credit losses:","","",""
"11","Beginning
  balance at January 1, 2012","Beginning
  balance at January 1, 2012","","",""
"12","","Lease
  receivables","79","40","118"
"13","","Loan
  receivables","125","64","189"
"14","Total","Total","203","104","307"
"15","","Write-offs","(14)","(1)","(15)"
"16","","Provision","(9)","38","28"
"17","","Other","0","(2)","(2)"
"18","Ending
  balance at December 31, 2012","Ending
  balance at December 31, 2012","180","138","318"
"19","","Lease
  receivables","59","55","114"
"20","","Loan
  receivables","121","84","204"
"21","","","","",""
"22","Collectively
  evaluated for impairment","Collectively
  evaluated for impairment","69","29","98"
"23","Individually
  evaluated for impairment","Individually
  evaluated for impairment","111","109","220"
"24","","","","",""
