"","X1","X2","X3","X4","X5","X8","X11"
"1","(Dollars in millions)","(Dollars in millions)","(Dollars in millions)","(Dollars in millions)","(Dollars in millions)","At September 30,","At December 31,"
"2","(Dollars in millions)","(Dollars in millions)","(Dollars in millions)","(Dollars in millions)","(Dollars in millions)","At September 30,","2013"
"3","Liabilities:","Liabilities:","Liabilities:","Liabilities:","Liabilities:","",""
"4","","Current
  liabilities:","Current
  liabilities:","Current
  liabilities:","Current
  liabilities:","",""
"5","","","Taxes","Taxes","Taxes","4,746","4,948"
"6","","","Short-term
  debt","Short-term
  debt","Short-term
  debt","7,702","9,181"
"7","","","Accounts
  payable","Accounts
  payable","Accounts
  payable","6,263","7,952"
"8","","","Compensation
  and benefits","Compensation
  and benefits","Compensation
  and benefits","4,210","4,745"
"9","","","Deferred
  income","Deferred
  income","Deferred
  income","11,658","11,952"
"10","","","Other
  accrued expenses and liabilities","Other
  accrued expenses and liabilities","Other
  accrued expenses and liabilities","4,643","4,847"
"11","","Total
  current liabilities","Total
  current liabilities","Total
  current liabilities","Total
  current liabilities","39,222","43,625"
"12","","Long-term
  debt","Long-term
  debt","Long-term
  debt","Long-term
  debt","28,478","24,088"
"13","","Retirement
  and nonpension postretirement benefit obligations","Retirement
  and nonpension postretirement benefit obligations","Retirement
  and nonpension postretirement benefit obligations","Retirement
  and nonpension postretirement benefit obligations","17,994","20,418"
"14","","Deferred
  income","Deferred
  income","Deferred
  income","Deferred
  income","4,087","4,491"
"15","","Other
  liabilities","Other
  liabilities","Other
  liabilities","Other
  liabilities","8,057","7,607"
"16","","Total
  liabilities","Total
  liabilities","Total
  liabilities","Total
  liabilities","97,837","100,229"
"17","Equity:","Equity:","Equity:","Equity:","Equity:","",""
"18","IBM
  stockholders’ equity:","IBM
  stockholders’ equity:","IBM
  stockholders’ equity:","IBM
  stockholders’ equity:","IBM
  stockholders’ equity:","",""
"19","","Common
  stock, par value $0.20 per share, and additional paid-in capital","Common
  stock, par value $0.20 per share, and additional paid-in capital","Common
  stock, par value $0.20 per share, and additional paid-in capital","Common
  stock, par value $0.20 per share, and additional paid-in capital","51,203","50,110"
"20","","","Shares
  authorized: 4,687,500,000","Shares
  authorized: 4,687,500,000","Shares
  authorized: 4,687,500,000","",""
"21","","","Shares
  issued: 2013 - 2,205,819,186","Shares
  issued: 2013 - 2,205,819,186","Shares
  issued: 2013 - 2,205,819,186","",""
"22","","","2012 - 2,197,561,159","2012 - 2,197,561,159","2012 - 2,197,561,159","",""
"23","","Retained
  earnings","Retained
  earnings","Retained
  earnings","Retained
  earnings","124,885","117,641"
"24","","Treasury
  stock - at cost","Treasury
  stock - at cost","Treasury
  stock - at cost","Treasury
  stock - at cost","(131,240)","(123,131)"
"25","","","Shares:
  2013 - 1,119,964,803","Shares:
  2013 - 1,119,964,803","Shares:
  2013 - 1,119,964,803","",""
"26","","","2012 - 1,080,193,483","2012 - 1,080,193,483","2012 - 1,080,193,483","",""
"27","","Accumulated
  other comprehensive income/(loss)","Accumulated
  other comprehensive income/(loss)","Accumulated
  other comprehensive income/(loss)","Accumulated
  other comprehensive income/(loss)","(24,971)","(25,759)"
"28","","Total
  IBM stockholders’ equity","Total
  IBM stockholders’ equity","Total
  IBM stockholders’ equity","Total
  IBM stockholders’ equity","19,877","18,860"
"29","Noncontrolling
  interests","Noncontrolling
  interests","Noncontrolling
  interests","Noncontrolling
  interests","Noncontrolling
  interests","131","124"
"30","Total
  equity","Total
  equity","Total
  equity","Total
  equity","Total
  equity","20,008","18,984"
"31","Total
  liabilities and equity","Total
  liabilities and equity","Total
  liabilities and equity","Total
  liabilities and equity","Total
  liabilities and equity","117,845","119,213"
"32","","","","","","",""
"33","","","","","","",""
"34","(Amounts may not add due to rounding.)","(Amounts may not add due to rounding.)","(Amounts may not add due to rounding.)","(Amounts may not add due to rounding.)","(Amounts may not add due to rounding.)","",""
"35","","","","","","",""
"36","(The accompanying notes are an integral part of the
  financial statements.)","(The accompanying notes are an integral part of the
  financial statements.)","(The accompanying notes are an integral part of the
  financial statements.)","(The accompanying notes are an integral part of the
  financial statements.)","(The accompanying notes are an integral part of the
  financial statements.)","",""
