"","X1","X2","X5","X9","X11","X12","X13"
"1","Financial Results Summary:","Financial Results Summary:","","","","",""
"2","","","","","Yr. to Yr.","Yr. to Yr.",""
"3","","","","","Percent/","Percent/",""
"4","(Dollars in millions except per share amounts)","(Dollars in millions except per share amounts)","","","Margin","Margin",""
"5","For the nine months ended September 30:","For the nine months ended September 30:","2013","2012","Change","Change",""
"6","Revenue","Revenue","72,052","75,203","","(4.2)","%*"
"7","Gross
  profit margin","Gross
  profit margin","47.5","46.7","","0.7","pts."
"8","Total
  expense and other income","Total
  expense and other income","21,627","21,060","","2.7","%"
"9","Total
  expense and other income to revenue ratio","Total
  expense and other income to revenue ratio","30.0","28.0","","2.0","pts."
"10","Provision
  for income taxes","Provision
  for income taxes","2,263","3,300","","(31.4)","%"
"11","Net
  income","Net
  income","10,299","10,771","","(4.4)","%"
"12","Net
  income margin","Net
  income margin","14.3","14.3","","(0.0)","pts."
"13","Earnings
  per share:","Earnings
  per share:","","","","",""
"14","","Assuming
  dilution","9.27","9.27","","0.0","%"
"15","","Basic","9.35","9.38","","(0.3)","%"
"16","Weighted-average
  shares outstanding:","Weighted-average
  shares outstanding:","","","","",""
"17","","Assuming
  dilution","1,110.7","1,161.8","","(4.4)","%"
"18","","Basic","1,101.8","1,148.4","","(4.1)","%"
"19","","","","","","",""
"20","","","9/30/13","12/31/12","","",""
"21","Assets","Assets","117,845","119,213","","(1.1)","%"
"22","Liabilities","Liabilities","97,837","100,229","","(2.4)","%"
"23","Equity","Equity","20,008","18,984","","5.4","%"
"24","","","","","","",""
"25","* 2.1 percent decrease adjusted for currency","* 2.1 percent decrease adjusted for currency","* 2.1 percent decrease adjusted for currency","* 2.1 percent decrease adjusted for currency","* 2.1 percent decrease adjusted for currency","* 2.1 percent decrease adjusted for currency","* 2.1 percent decrease adjusted for currency"
