"","X1","X2","X3","X6","X9","X12"
"1","","","","Amortization","","Other"
"2","(Dollars in millions)","(Dollars in millions)","(Dollars in millions)","Life (in yrs.)","SoftLayer","Acquisitions"
"3","Current
  assets","Current
  assets","Current
  assets","","80","70"
"4","Fixed
  assets/noncurrent assets","Fixed
  assets/noncurrent assets","Fixed
  assets/noncurrent assets","","301","18"
"5","Intangible
  assets:","Intangible
  assets:","Intangible
  assets:","","",""
"6","","Goodwill","Goodwill","N/A","1,284","551"
"7","","Completed
  technology","Completed
  technology","5-7","290","126"
"8","","Client
  relationships","Client
  relationships","7","245","59"
"9","","In-Process
  R&D","In-Process
  R&D","N/A","2","—"
"10","","Patents/trademarks","Patents/trademarks","2-7","75","22"
"11","Total
  assets acquired","Total
  assets acquired","Total
  assets acquired","","2,277","846"
"12","Current
  liabilities","Current
  liabilities","Current
  liabilities","","(56)","(20)"
"13","Noncurrent
  liabilities","Noncurrent
  liabilities","Noncurrent
  liabilities","","(244)","(69)"
"14","Total
  liabilities assumed","Total
  liabilities assumed","Total
  liabilities assumed","","(300)","(89)"
"15","Total
  purchase price","Total
  purchase price","Total
  purchase price","","1,977","757"
"16","","","","","",""
"17","N/A - not applicable","N/A - not applicable","N/A - not applicable","","",""
"18","","","","","",""
