"","X1","X2","X5","X8","X10","X11"
"1","","","","","",""
"2","Intellectual
  Property and Custom Development Income","Intellectual
  Property and Custom Development Income","Intellectual
  Property and Custom Development Income","Intellectual
  Property and Custom Development Income","Intellectual
  Property and Custom Development Income","Intellectual
  Property and Custom Development Income"
"3","","","","","Yr. to Yr.",""
"4","(Dollars in millions)","(Dollars in millions)","","","Percent",""
"5","For the three months ended September
  30:","For the three months ended September
  30:","2013","2012","Change",""
"6","Intellectual
  Property and Custom Development Income:","Intellectual
  Property and Custom Development Income:","","","",""
"7","","Sales
  and other transfers of intellectual property","93","107","(13.1)","%"
"8","","Licensing/royalty-based
  fees","31","71","(55.9)",""
"9","","Custom
  development income","67","124","(46.2)",""
"10","","Total","191","303","(36.8)","%"
"11","","","","","",""
"12","","","","","Yr. to Yr.",""
"13","(Dollars in millions)","(Dollars in millions)","","","Percent",""
"14","For the nine months ended September
  30:","For the nine months ended September
  30:","2013","2012","Change",""
"15","Intellectual
  Property and Custom Development Income:","Intellectual
  Property and Custom Development Income:","","","",""
"16","","Sales
  and other transfers of intellectual property","256","283","(9.7)","%"
"17","","Licensing/royalty-based
  fees","117","191","(38.8)",""
"18","","Custom
  development income","249","373","(33.3)",""
"19","","Total","621","847","(26.7)","%"
