"","X1","X2","X5","X8","X10","X11","X12"
"1","","","","","Yr. to Yr.","Yr. to Yr.",""
"2","","","","","Percent/","Percent/",""
"3","(Dollars in millions)","(Dollars in millions)","","","Margin","Margin",""
"4","For the nine months ended September 30:","For the nine months ended September 30:","2013","2012","Change","Change",""
"5","System
  and Technology:","System
  and Technology:","","","","",""
"6","","External
  gross profit","3,475","4,363","","(20.4)","%"
"7","","External
  gross profit margin","34.4","36.7","","(2.3)","pts."
"8","","Pre-tax
  income","(713)","253","","nm",""
"9","","Pre-tax
  margin","(6.8)","2.0","","(8.8)","pts."
"10","","","","","","",""
"11","nm - not meaningful","nm - not meaningful","","","","",""
"12","","","","","","",""
