"","X1","X2","X3","X6","X9","X12"
"1","","","","","",""
"2","Reclassifications
  and Taxes Related to Items of Other Comprehensive Income","Reclassifications
  and Taxes Related to Items of Other Comprehensive Income","Reclassifications
  and Taxes Related to Items of Other Comprehensive Income","Reclassifications
  and Taxes Related to Items of Other Comprehensive Income","",""
"3","","","","","",""
"4","(Dollars in millions)","(Dollars in millions)","(Dollars in millions)","Before Tax","Tax (Expense)/","Net of Tax"
"5","For the three months ended September 30, 2012:","For the three months ended September 30, 2012:","For the three months ended September 30, 2012:","Amount","Benefit","Amount"
"6","Other
  comprehensive income/(loss):","Other
  comprehensive income/(loss):","Other
  comprehensive income/(loss):","","",""
"7","","Foreign
  currency translation adjustments","Foreign
  currency translation adjustments","501","56","557"
"8","","Net
  changes related to available-for-sale securities:","Net
  changes related to available-for-sale securities:","","",""
"9","","","Unrealized
  gains/(losses) arising during the period","11","(4)","6"
"10","","","Reclassification
  of (gains)/losses to other (income) and expense","(27)","11","(17)"
"11","","","Subsequent
  changes in previously impaired securities arising during","","",""
"12","","","the period","(7)","3","(4)"
"13","","Total
  net changes related to available-for-sale securities","Total
  net changes related to available-for-sale securities","(24)","9","(15)"
"14","","Unrealized
  gains/(losses) on cash flow hedges:","Unrealized
  gains/(losses) on cash flow hedges:","","",""
"15","","","Unrealized
  gains/(losses) arising during the period","(54)","10","(43)"
"16","","","Reclassification
  of (gains)/losses to:","","",""
"17","","","Cost of sales","(6)","(1)","(7)"
"18","","","SG&A expense","(5)","1","(4)"
"19","","","Other (income) and expense","(103)","40","(63)"
"20","","","Interest expense","2","(1)","1"
"21","","Total
  unrealized gains/(losses) on cash flow hedges","Total
  unrealized gains/(losses) on cash flow hedges","(165)","50","(116)"
"22","","Retirement-related
  benefit plans(1):","Retirement-related
  benefit plans(1):","","",""
"23","","","Prior
  service costs/(credits)","0","0","0"
"24","","","Net
  (losses)/gains arising during the period","1","(1)","0"
"25","","","Curtailments
  and settlements","(2)","1","(1)"
"26","","","Amortization
  of prior service (credits)/costs","(37)","15","(23)"
"27","","","Amortization
  of net (gains)/losses","613","(238)","375"
"28","","Total
  retirement-related benefit plans","Total
  retirement-related benefit plans","575","(224)","351"
"29","Other
  comprehensive income/(loss)","Other
  comprehensive income/(loss)","Other
  comprehensive income/(loss)","887","(109)","778"
"30","","","","","",""
"31","(1) These AOCI components are included in the computation
  of net periodic pension cost. (See note 8, ""Retirement-Related
  Benefits,"" on","(1) These AOCI components are included in the computation
  of net periodic pension cost. (See note 8, ""Retirement-Related
  Benefits,"" on","(1) These AOCI components are included in the computation
  of net periodic pension cost. (See note 8, ""Retirement-Related
  Benefits,"" on","(1) These AOCI components are included in the computation
  of net periodic pension cost. (See note 8, ""Retirement-Related
  Benefits,"" on","(1) These AOCI components are included in the computation
  of net periodic pension cost. (See note 8, ""Retirement-Related
  Benefits,"" on","(1) These AOCI components are included in the computation
  of net periodic pension cost. (See note 8, ""Retirement-Related
  Benefits,"" on"
"32","pages 32 to 34 for additional information.)","pages 32 to 34 for additional information.)","pages 32 to 34 for additional information.)","pages 32 to 34 for additional information.)","pages 32 to 34 for additional information.)",""
"33","","","","","",""
