"","X1","X2","X3","X6","X9","X11","X12","X13","X14","X15"
"1","","","","","","","","","Yr. to Yr.",""
"2","","","","","","","","","Percent",""
"3","","","","","","Yr. to Yr.","Yr. to Yr.","","Change",""
"4","(Dollars in millions)","(Dollars in millions)","(Dollars in millions)","","","Percent","Percent","","Adjusted For",""
"5","For the three months ended September 30:","For the three months ended September 30:","For the three months ended September 30:","2013","2012","Change","Change","","Currency",""
"6","Global
  Services external revenue:","Global
  Services external revenue:","Global
  Services external revenue:","14,052","14,463","","(2.8)","%","0.6","%"
"7","","Global
  Technology Services","Global
  Technology Services","9,494","9,922","","(4.3)","%","(1.1)","%"
"8","","","Outsourcing","5,377","5,729","","(6.1)","","(2.8)",""
"9","","","Integrated
  Technology Services","2,353","2,384","","(1.3)","","1.8",""
"10","","","Maintenance","1,764","1,808","","(2.4)","","0.3",""
"11","","Global
  Business Services","Global
  Business Services","4,558","4,542","","0.4","%","4.5","%"
"12","","","Outsourcing","1,016","1,037","","(2.0)","","2.9",""
"13","","","Consulting
  and Systems Integration","3,542","3,505","","1.1","","5.0",""
