"","X1","X4","X7","X10","X13"
"1","","","","",""
"2","","","","","Recorded"
"3","","Total","","Total","Investment"
"4","(Dollars in millions)","Past Due","","Financing","> 90 Days"
"5","At September 30, 2013:","> 90 days*","Current","Receivables","and Accruing"
"6","Major
  markets","9","6,696","6,705","9"
"7","Growth
  markets","16","2,089","2,104","11"
"8","Total
  lease receivables","25","8,785","8,809","20"
"9","","","","",""
"10","Major
  markets","15","9,027","9,042","14"
"11","Growth
  markets","29","3,801","3,830","10"
"12","Total
  loan receivables","43","12,828","12,871","24"
"13","","","","",""
"14","Total","68","21,612","21,681","44"
"15","","","","",""
"16","* Does not include accounts that are fully reserved.","* Does not include accounts that are fully reserved.","* Does not include accounts that are fully reserved.","* Does not include accounts that are fully reserved.","* Does not include accounts that are fully reserved."
"17","","","","",""
