"","X1","X2","X5","X8","X10","X11"
"1","","","","","Yr. to Yr.",""
"2","(Dollars in millions)","(Dollars in millions)","","","Percent",""
"3","For the nine months ended September
  30:","For the nine months ended September
  30:","2013","2012","Change",""
"4","Total
  consolidated research, development and 
  engineering","Total
  consolidated research, development and 
  engineering","4,661","4,722","(1.3)","%"
"5","Non-operating
  adjustment:","Non-operating
  adjustment:","","","",""
"6","Non-operating retirement-related (costs)/income","Non-operating retirement-related (costs)/income","(43)","14","nm",""
"7","Operating
  (non-GAAP) research, development and engineering","Operating
  (non-GAAP) research, development and engineering","4,618","4,736","(2.5)","%"
"8","","","","","",""
"9","nm - not meaningful","nm - not meaningful","","","",""
