"","X1","X2","X5","X8","X11","X14"
"1","The following table
  provides the components of the cost/(income) for the company's nonpension
  postretirement plans:","The following table
  provides the components of the cost/(income) for the company's nonpension
  postretirement plans:","The following table
  provides the components of the cost/(income) for the company's nonpension
  postretirement plans:","The following table
  provides the components of the cost/(income) for the company's nonpension
  postretirement plans:","The following table
  provides the components of the cost/(income) for the company's nonpension
  postretirement plans:","The following table
  provides the components of the cost/(income) for the company's nonpension
  postretirement plans:"
"2","","","","","",""
"3","Cost
  of Nonpension Postretirement Plans","Cost
  of Nonpension Postretirement Plans","","","",""
"4","","","U.S. Plan","U.S. Plan","Non-U.S. Plans","Non-U.S. Plans"
"5","(Dollars in millions)","(Dollars in millions)","2013","2012","2013","2012"
"6","For the three months ended September 30:","For the three months ended September 30:","","","",""
"7","Service
  cost","Service
  cost","9","9","2","2"
"8","Interest
  cost","Interest
  cost","41","50","14","16"
"9","Expected
  return on plan assets","Expected
  return on plan assets","0","—","(2)","(2)"
"10","Amortization
  of prior service costs/(credits)","Amortization
  of prior service costs/(credits)","—","—","(1)","(1)"
"11","Recognized
  actuarial losses","Recognized
  actuarial losses","5","8","6","4"
"12","Total
  nonpension postretirement plan cost recognized in","Total
  nonpension postretirement plan cost recognized in","","","",""
"13","","Consolidated
  Statement of Earnings","55","67","19","19"
"14","","","","","",""
