"","X1","X4","X7","X10"
"1","","","",""
"2","","At September 30, 2013","At September 30, 2013","At September 30, 2013"
"3","(Dollars in millions)","Gross Carrying","Accumulated","Net Carrying"
"4","Intangible asset class","Amount","Amortization","Amount"
"5","Capitalized
  software","1,518","(688)","829"
"6","Client
  relationships","2,348","(1,137)","1,211"
"7","Completed
  technology","2,886","(1,153)","1,734"
"8","In-process
  R&D","17","—","17"
"9","Patents/trademarks","365","(156)","209"
"10","Other(a)","7","(5)","2"
"11","Total","7,141","(3,139)","4,003"
"12","","","",""
"13","","At December 31, 2012","At December 31, 2012","At December 31, 2012"
"14","(Dollars in millions)","Gross Carrying","Accumulated","Net Carrying"
"15","Intangible asset class","Amount","Amortization","Amount"
"16","Capitalized
  software","1,527","(665)","861"
"17","Client
  relationships","2,103","(961)","1,142"
"18","Completed
  technology","2,709","(1,112)","1,597"
"19","In-process
  R&D","28","—","28"
"20","Patents/trademarks","281","(127)","154"
"21","Other(a)","31","(27)","3"
"22","Total","6,679","(2,892)","3,787"
"23","","","",""
