"","X1","X2","X5","X6","X8","X9","X10","X11","X12"
"1","","","","","","","Yr. to Yr.","Yr. to Yr.",""
"2","","","","","","","Percent/","Percent/",""
"3","(Dollars in millions)","(Dollars in millions)","","","","","Margin","Margin",""
"4","For the nine months ended September 30:","For the nine months ended September 30:","2013","","2012","","Change","Change",""
"5","Software:","Software:","","","","","","",""
"6","","External
  gross profit","15,663","","15,398","","","1.7","%"
"7","","External
  gross profit margin","88.0","%","87.8","%","","0.2","pts."
"8","","Pre-tax
  income","6,867","","6,793","","","1.1","%"
"9","","Pre-tax
  margin","34.2","%","34.0","%","","0.2","pts."
