"","X1","X2","X5","X8","X10","X13","X16"
"1","Fair Values of Derivative Instruments in
  the Consolidated Statement of Financial Position","Fair Values of Derivative Instruments in
  the Consolidated Statement of Financial Position","Fair Values of Derivative Instruments in
  the Consolidated Statement of Financial Position","Fair Values of Derivative Instruments in
  the Consolidated Statement of Financial Position","Fair Values of Derivative Instruments in
  the Consolidated Statement of Financial Position","Fair Values of Derivative Instruments in
  the Consolidated Statement of Financial Position","Fair Values of Derivative Instruments in
  the Consolidated Statement of Financial Position"
"2","As of September 30, 2013 and December 31,
  2012","As of September 30, 2013 and December 31,
  2012","As of September 30, 2013 and December 31,
  2012","As of September 30, 2013 and December 31,
  2012","As of September 30, 2013 and December 31,
  2012","As of September 30, 2013 and December 31,
  2012","As of September 30, 2013 and December 31,
  2012"
"3","","","","","","",""
"4","(Dollars in millions)","Fair Value of Derivative Assets","Fair Value of Derivative Assets","Fair Value of Derivative Assets","Fair Value of Derivative Liabilities","Fair Value of Derivative Liabilities","Fair Value of Derivative Liabilities"
"5","","Balance Sheet","","","Balance Sheet","",""
"6","","Classification","9/30/2013","12/31/2012","Classification","9/30/2013","12/31/2012"
"7","Designated as hedging","","","","","",""
"8","instruments:","","","","","",""
"9","Interest rate contracts:","Prepaid
  expenses and","","","Other
  accrued","",""
"10","","other
  current assets","41","47","expenses
  and liabilities","—","—"
"11","","Investments
  and sundry","","","","",""
"12","","assets","371","557","Other
  liabilities","—","—"
"13","Foreign exchange","Prepaid
  expenses and","","","Other
  accrued","",""
"14","contracts:","other
  current assets","138","135","expenses
  and liabilities","378","267"
"15","","Investments
  and sundry","","","","",""
"16","","assets","—","5","Other
  liabilities","150","78"
"17","","","","","","",""
"18","Fair value of derivative","","","","Fair value of derivative","",""
"19","assets","","550","744","liabilities","528","345"
"20","","","","","","",""
"21","Not designated as","","","","","",""
"22","hedging instruments:","","","","","",""
"23","Foreign exchange","Prepaid
  expenses and","","","Other
  accrued","",""
"24","contracts:","other
  current assets","208","142","expenses
  and liabilities","47","152"
"25","","Investments
  and sundry","","","","",""
"26","","assets","25","23","Other
  liabilities","—","—"
"27","Equity contracts:","Prepaid
  expenses and","","","Other
  accrued","",""
"28","","other
  current assets","9","9","expenses
  and liabilities","7","7"
"29","Fair value of derivative","","","","Fair value of derivative","",""
"30","assets","","242","174","liabilities","53","159"
"31","","","","","","",""
"32","Total debt designated as","","","","","",""
"33","hedging instruments:","","","","","",""
"34","","Short-term
  debt","N/A","N/A","","1,219","578"
"35","","Long-term
  debt","N/A","N/A","","2,297","3,035"
"36","","","","","","",""
"37","","","","","","",""
"38","Total","","793","918","","4,097","4,116"
"39","","","","","","",""
"40","N/A-not applicable","","","","","",""
