"","X1","X4","X5","X6","X8","X9","X12","X13","X14","X16"
"1","","Three Months Ended","Three Months Ended","Three Months Ended","Three Months Ended","","Nine Months Ended","Nine Months Ended","Nine Months Ended","Nine Months Ended"
"2","","September 30,","September 30,","September 30,","September 30,","","September 30,","September 30,","September 30,","September 30,"
"3","(Dollars in millions)","2013","","","2012","","2013","","","2012"
"4","External
  revenue","502","","","472","","1,488","","","1,478"
"5","Internal
  revenue","512","","","491","","1,628","","","1,492"
"6","Total
  revenue","1,015","","","963","","3,116","","","2,970"
"7","Cost","361","","","322","","1,026","","","980"
"8","Gross
  profit","653","","","642","","2,090","","","1,990"
"9","Gross
  profit margin","64.4","%","","66.6","%","67.1","%","","67.0"
"10","Pre-tax
  income","494","","","476","","1,582","","","1,516"
"11","After-tax
  income*","333","","","319","","1,066","","","1,016"
"12","Return
  on equity*","37.6","%","","39.3","%","40.3","%","","41.3"
"13","","","","","","","","","",""
"14","* See page 80 for the details of the after-tax income and
  the return on equity calculation.","* See page 80 for the details of the after-tax income and
  the return on equity calculation.","* See page 80 for the details of the after-tax income and
  the return on equity calculation.","* See page 80 for the details of the after-tax income and
  the return on equity calculation.","* See page 80 for the details of the after-tax income and
  the return on equity calculation.","* See page 80 for the details of the after-tax income and
  the return on equity calculation.","* See page 80 for the details of the after-tax income and
  the return on equity calculation.","* See page 80 for the details of the after-tax income and
  the return on equity calculation.","* See page 80 for the details of the after-tax income and
  the return on equity calculation.","* See page 80 for the details of the after-tax income and
  the return on equity calculation."
