"","X1","X2","X3","X4","X6","X7","X10","X12","X13","X15","X16","X18","X19","X21","X22","X23","X26","X29"
"1","","","","","","","","","","","","","","","","","",""
"2","SEGMENT INFORMATION","SEGMENT INFORMATION","SEGMENT INFORMATION","SEGMENT INFORMATION","SEGMENT INFORMATION","SEGMENT INFORMATION","SEGMENT INFORMATION","SEGMENT INFORMATION","SEGMENT INFORMATION","SEGMENT INFORMATION","SEGMENT INFORMATION","SEGMENT INFORMATION","SEGMENT INFORMATION","SEGMENT INFORMATION","SEGMENT INFORMATION","SEGMENT INFORMATION","SEGMENT INFORMATION","SEGMENT INFORMATION"
"3","","","","","","","","","","","","","","","","","",""
"4","","","","","","","","","","","","","","","","","",""
"5","","","","","Global Services","Global Services","Global Services","Global Services","","","","","","","","","",""
"6","","","","","Global","","Global","Global","","","","","","","","","",""
"7","","","","","Technology","","Business","Business","","","","","","Systems and","Systems and","Systems and","Global","Total"
"8","(Dollars in millions)","(Dollars in millions)","(Dollars in millions)","","Services","","Services","Services","","Software","Software","Software","","Technology","Technology","Technology","Financing","Segments"
"9","For the three months","For the three months","For the three months","","","","","","","","","","","","","","",""
"10","","ended September 30, 2013:","ended September 30, 2013:","","","","","","","","","","","","","","",""
"11","External
  revenue","External
  revenue","External
  revenue","","9,494","","4,558","4,558","","5,798","5,798","5,798","","3,247","3,247","3,247","502","23,599"
"12","Internal
  revenue","Internal
  revenue","Internal
  revenue","","262","","177","177","","744","744","744","","168","168","168","512","1,863"
"13","Total
  revenue","Total
  revenue","Total
  revenue","","9,755","","4,735","4,735","","6,542","6,542","6,542","","3,415","3,415","3,415","1,015","25,461"
"14","Pre-tax
  income","Pre-tax
  income","Pre-tax
  income","","1,895","","948","948","","2,410","2,410","2,410","","(167)","(167)","(167)","494","5,579"
"15","Revenue
  year-to-year change","Revenue
  year-to-year change","Revenue
  year-to-year change","","(4.4)","%","0.4","0.4","%","(1.0)","(1.0)","(1.0)","%","(16.2)","(16.2)","(16.2)","5.3","(4.2)"
"16","Pre-tax
  income year-to-year","Pre-tax
  income year-to-year","Pre-tax
  income year-to-year","","","","","","","","","","","","","","",""
"17","","change","change","","11.7","%","28.4","28.4","%","2.3","2.3","2.3","%","nm","nm","nm","3.8","3.5"
"18","Pre-tax
  income margin","Pre-tax
  income margin","Pre-tax
  income margin","","19.4","%","20.0","20.0","%","36.8","36.8","36.8","%","(4.9)","(4.9)","(4.9)","48.7","21.9"
"19","","","","","","","","","","","","","","","","","",""
"20","nm - not meaningful","nm - not meaningful","nm - not meaningful","","","","","","","","","","","","","","",""
"21","","","","","","","","","","","","","","","","","",""
"22","For the three months","For the three months","For the three months","","","","","","","","","","","","","","",""
"23","","ended September 30, 2012:","ended September 30, 2012:","","","","","","","","","","","","","","",""
"24","External
  revenue","External
  revenue","External
  revenue","","9,922","","4,542","4,542","","5,763","5,763","5,763","","3,895","3,895","3,895","472","24,594"
"25","Internal
  revenue","Internal
  revenue","Internal
  revenue","","285","","175","175","","843","843","843","","181","181","181","491","1,976"
"26","Total
  revenue","Total
  revenue","Total
  revenue","","10,206","","4,717","4,717","","6,606","6,606","6,606","","4,076","4,076","4,076","963","26,570"
"27","Pre-tax
  income","Pre-tax
  income","Pre-tax
  income","","1,697","","738","738","","2,355","2,355","2,355","","124","124","124","476","5,389"
"28","","","","","","","","","","","","","","","","","",""
"29","Pre-tax
  income margin","Pre-tax
  income margin","Pre-tax
  income margin","","16.6","%","15.6","15.6","%","35.6","35.6","35.6","%","3.0","3.0","3.0","49.4","20.3"
"30","","","","","","","","","","","","","","","","","",""
"31","","","","","","","","","","","","","","","","","",""
"32","Reconciliations
  to IBM as Reported:","Reconciliations
  to IBM as Reported:","Reconciliations
  to IBM as Reported:","Reconciliations
  to IBM as Reported:","Reconciliations
  to IBM as Reported:","Reconciliations
  to IBM as Reported:","Reconciliations
  to IBM as Reported:","Reconciliations
  to IBM as Reported:","Reconciliations
  to IBM as Reported:","Reconciliations
  to IBM as Reported:","Reconciliations
  to IBM as Reported:","Reconciliations
  to IBM as Reported:","Reconciliations
  to IBM as Reported:","Reconciliations
  to IBM as Reported:","","","",""
"33","","","","","","","","","","","","","","","","","",""
"34","(Dollars in millions)","(Dollars in millions)","(Dollars in millions)","(Dollars in millions)","(Dollars in millions)","(Dollars in millions)","","","","","","","","","","","",""
"35","For the three months ended September 30:","For the three months ended September 30:","For the three months ended September 30:","For the three months ended September 30:","For the three months ended September 30:","For the three months ended September 30:","","2013","2013","2013","","2012","2012","2012","","","",""
"36","Revenue:","Revenue:","Revenue:","Revenue:","Revenue:","Revenue:","","","","","","","","","","","",""
"37","Total
  reportable segments","Total
  reportable segments","Total
  reportable segments","Total
  reportable segments","Total
  reportable segments","Total
  reportable segments","","25,461","25,461","25,461","","26,570","26,570","26,570","","","",""
"38","Eliminations
  of internal transactions","Eliminations
  of internal transactions","Eliminations
  of internal transactions","Eliminations
  of internal transactions","Eliminations
  of internal transactions","Eliminations
  of internal transactions","","(1,863)","(1,863)","(1,863)","","(1,976)","(1,976)","(1,976)","","","",""
"39","Other
  revenue adjustments","Other
  revenue adjustments","Other
  revenue adjustments","Other
  revenue adjustments","Other
  revenue adjustments","Other
  revenue adjustments","","122","122","122","","154","154","154","","","",""
"40","","","Total
  IBM Consolidated","Total
  IBM Consolidated","Total
  IBM Consolidated","Total
  IBM Consolidated","","23,720","23,720","23,720","","24,747","24,747","24,747","","","",""
"41","","","","","","","","","","","","","","","","","",""
"42","Pre-tax
  income:","Pre-tax
  income:","Pre-tax
  income:","Pre-tax
  income:","Pre-tax
  income:","Pre-tax
  income:","","","","","","","","","","","",""
"43","Total
  reportable segments","Total
  reportable segments","Total
  reportable segments","Total
  reportable segments","Total
  reportable segments","Total
  reportable segments","","5,579","5,579","5,579","","5,389","5,389","5,389","","","",""
"44","Amortization
  of acquired intangible assets","Amortization
  of acquired intangible assets","Amortization
  of acquired intangible assets","Amortization
  of acquired intangible assets","Amortization
  of acquired intangible assets","Amortization
  of acquired intangible assets","","(201)","(201)","(201)","","(178)","(178)","(178)","","","",""
"45","Acquisition-related
  charges","Acquisition-related
  charges","Acquisition-related
  charges","Acquisition-related
  charges","Acquisition-related
  charges","Acquisition-related
  charges","","(13)","(13)","(13)","","(10)","(10)","(10)","","","",""
"46","Non-operating
  retirement-related (costs)/income","Non-operating
  retirement-related (costs)/income","Non-operating
  retirement-related (costs)/income","Non-operating
  retirement-related (costs)/income","Non-operating
  retirement-related (costs)/income","Non-operating
  retirement-related (costs)/income","","(257)","(257)","(257)","","(258)","(258)","(258)","","","",""
"47","Eliminations
  of internal transactions","Eliminations
  of internal transactions","Eliminations
  of internal transactions","Eliminations
  of internal transactions","Eliminations
  of internal transactions","Eliminations
  of internal transactions","","(280)","(280)","(280)","","(322)","(322)","(322)","","","",""
"48","Unallocated
  corporate amounts","Unallocated
  corporate amounts","Unallocated
  corporate amounts","Unallocated
  corporate amounts","Unallocated
  corporate amounts","Unallocated
  corporate amounts","","(15)","(15)","(15)","","453","453","453","*","","",""
"49","","","Total
  IBM Consolidated","Total
  IBM Consolidated","Total
  IBM Consolidated","Total
  IBM Consolidated","Total
  IBM Consolidated","4,812","4,812","4,812","","5,074","5,074","5,074","","","",""
"50","","","","","","","","","","","","","","","","","",""
"51","","","","","","","","","","","","","","","","","",""
