"","X1","X3","X4","X7","X9","X10","X13"
"1","","","","","Total Number","Total Number","Approximate"
"2","","","","","of Shares","of Shares","Dollar Value"
"3","","","","","Purchased as","Purchased as","of Shares that"
"4","","Total Number","Total Number","Average","Part of Publicly","Part of Publicly","May Yet Be"
"5","","of Shares","of Shares","Price Paid","Announced","Announced","Purchased Under"
"6","Period","Purchased","Purchased","per Share","Program","Program","The Program*"
"7","","","","","","",""
"8","July
  1, 2013 - July 31, 2013","","4,263,207","194.43","","4,263,207","6,828,768,788"
"9","","","","","","",""
"10","August
  1, 2013 - August 31, 2013","","3,232,800","187.25","","3,232,800","6,223,411,517"
"11","","","","","","",""
"12","September
  1, 2013 - September 30, 2013","","3,040,200","188.99","","3,040,200","5,648,842,668"
"13","","","","","","",""
"14","Total","","10,536,207","190.66","","10,536,207",""
