"","X1","X2","X3","X4","X5","X6","X10","X13","X14","X17","X18","X19","X20","X22","X23","X24"
"1","Software","Software","Software","Software","Software","Software","Software","Software","Software","Software","Software","Software","Software","Software","Software","Software"
"2","","","","","","","","","","","","","","","Yr. to Yr.","Yr. to Yr."
"3","","","","","","","","","","","","","","","Percent","Percent"
"4","","","","","","","","","","Yr. to Yr.","Yr. to Yr.","Yr. to Yr.","Yr. to Yr.","","Change","Change"
"5","(Dollars in millions)","(Dollars in millions)","(Dollars in millions)","(Dollars in millions)","(Dollars in millions)","","","","","Percent","Percent","Percent","Percent","","Adjusted For","Adjusted For"
"6","For the three months ended September 30:","For the three months ended September 30:","For the three months ended September 30:","For the three months ended September 30:","For the three months ended September 30:","","2013","2012","2012","Change","Change","Change","Change","","Currency","Currency"
"7","Software
  external revenue:","Software
  external revenue:","Software
  external revenue:","Software
  external revenue:","Software
  external revenue:","","5,798","5,763","5,763","0.6","0.6","0.6","0.6","%","1.7","1.7"
"8","","Middleware:","Middleware:","Middleware:","Middleware:","","4,745","4,696","4,696","","","1.1","1.1","%","2.1","2.1"
"9","","","Key
  branded middleware:","Key
  branded middleware:","Key
  branded middleware:","","3,725","3,626","3,626","","","2.7","2.7","","3.8","3.8"
"10","","","","WebSphere
  Family","WebSphere
  Family","","","","","","","0.5","0.5","","1.4","1.4"
"11","","","","Information
  Management","Information
  Management","","","","","","","1.6","1.6","","2.6","2.6"
"12","","","","Social
  Workforce Solutions*","Social
  Workforce Solutions*","","","","","","","14.1","14.1","","15.4","15.4"
"13","","","","Tivoli","Tivoli","","","","","","","1.9","1.9","","3.0","3.0"
"14","","","","Rational","Rational","","","","","","","12.1","12.1","","13.6","13.6"
"15","","","Other
  middleware","Other
  middleware","Other
  middleware","","1,021","1,070","1,070","","","(4.6)","(4.6)","","(3.5)","(3.5)"
"16","","Operating
  systems","Operating
  systems","Operating
  systems","Operating
  systems","","576","597","597","","","(3.5)","(3.5)","","(2.2)","(2.2)"
"17","","Other","Other","Other","Other","","476","470","470","","","1.4","1.4","","2.4","2.4"
"18","","","","","","","","","","","","","","","",""
"19","* Formerly Lotus","* Formerly Lotus","* Formerly Lotus","* Formerly Lotus","* Formerly Lotus","","","","","","","","","","",""
"20","","","","","","","","","","","","","","Yr. to Yr.","Yr. to Yr.",""
"21","","","","","","","","","","","","","","Percent","Percent",""
"22","","","","","","","","","","Yr. to Yr.","Yr. to Yr.","Yr. to Yr.","","Change","Change",""
"23","(Dollars in millions)","(Dollars in millions)","(Dollars in millions)","(Dollars in millions)","(Dollars in millions)","(Dollars in millions)","","","","Percent","Percent","Percent","","Adjusted For","Adjusted For",""
"24","For the nine months ended September 30:","For the nine months ended September 30:","For the nine months ended September 30:","For the nine months ended September 30:","For the nine months ended September 30:","For the nine months ended September 30:","2013","2012","","Change","Change","Change","","Currency","Currency",""
"25","Software
  external revenue:","Software
  external revenue:","Software
  external revenue:","Software
  external revenue:","Software
  external revenue:","Software
  external revenue:","17,792","17,533","","","1.5","1.5","%","2.6","2.6","%"
"26","","Middleware:","Middleware:","Middleware:","Middleware:","Middleware:","14,613","14,280","","","2.3","2.3","%","3.4","3.4","%"
"27","","","Key
  branded middleware:","Key
  branded middleware:","Key
  branded middleware:","Key
  branded middleware:","11,530","11,038","","","4.5","4.5","","5.5","5.5",""
"28","","","","","WebSphere
  Family","WebSphere
  Family","","","","","5.2","5.2","","6.1","6.1",""
"29","","","","","Information
  Management","Information
  Management","","","","","1.8","1.8","","2.8","2.8",""
"30","","","","","Social
  Workforce Solutions*","Social
  Workforce Solutions*","","","","","14.7","14.7","","16.0","16.0",""
"31","","","","","Tivoli","Tivoli","","","","","5.7","5.7","","6.8","6.8",""
"32","","","","","Rational","Rational","","","","","7.6","7.6","","8.9","8.9",""
"33","","","Other
  middleware","Other
  middleware","Other
  middleware","Other
  middleware","3,083","3,242","","","(4.9)","(4.9)","","(3.8)","(3.8)",""
"34","","Operating
  systems","Operating
  systems","Operating
  systems","Operating
  systems","Operating
  systems","1,760","1,816","","","(3.1)","(3.1)","","(1.8)","(1.8)",""
"35","","Other","Other","Other","Other","Other","1,419","1,438","","","(1.3)","(1.3)","","(0.4)","(0.4)",""
"36","","","","","","","","","","","","","","","",""
"37","* Formerly Lotus","* Formerly Lotus","* Formerly Lotus","* Formerly Lotus","* Formerly Lotus","* Formerly Lotus","","","","","","","","","",""
"38","","","","","","","","","","","","","","","",""
