"","X1","X2","X3","X6","X7","X10","X11","X13","X14","X15","X16"
"1","","","","","","","","","","Yr. to Yr.",""
"2","","","","","","","","","","Percent",""
"3","","","","","","","","Yr. to Yr.","","Change",""
"4","(Dollars in millions)","(Dollars in millions)","(Dollars in millions)","","","","","Percent/Margin","","Adjusted For",""
"5","For the nine months ended September 30:","For the nine months ended September 30:","For the nine months ended September 30:","2013","","2012","","Change","","Currency",""
"6","Revenue:","Revenue:","Revenue:","","","","","","","",""
"7","","Global
  Technology Services","Global
  Technology Services","28,634","","29,952","","(4.4)","%","(1.7)","%"
"8","","","Gross
  margin","37.9","%","36.3","%","1.6","pts.","",""
"9","","Global
  Business Services","Global
  Business Services","13,649","","13,846","","(1.4)","%","2.1","%"
"10","","","Gross
  margin","30.9","%","30.0","%","0.9","pts.","",""
"11","","Software","Software","17,792","","17,533","","1.5","%","2.6","%"
"12","","","Gross
  margin","88.0","%","87.8","%","0.2","pts.","",""
"13","","Systems
  and Technology","Systems
  and Technology","10,111","","11,903","","(15.1)","%","(14.3)","%"
"14","","","Gross
  margin","34.4","%","36.7","%","(2.3)","pts.","",""
"15","","Global
  Financing","Global
  Financing","1,488","","1,478","","0.7","%","2.9","%"
"16","","","Gross
  margin","46.4","%","47.5","%","(1.1)","pts.","",""
"17","","Other","Other","378","","490","","(22.8)","%","(22.3)","%"
"18","","","Gross
  margin","(185.3)","%","(71.3)","%","(114.0)","pts.","",""
"19","Total
  consolidated revenue","Total
  consolidated revenue","Total
  consolidated revenue","72,052","","75,203","","(4.2)","%","(2.1)","%"
"20","Total
  consolidated gross profit","Total
  consolidated gross profit","Total
  consolidated gross profit","34,189","","35,131","","(2.7)","%","",""
"21","","Total
  consolidated gross margin","Total
  consolidated gross margin","47.5","%","46.7","%","0.7","pts.","",""
"22","Non-operating
  adjustments:","Non-operating
  adjustments:","Non-operating
  adjustments:","","","","","","","",""
"23","","Amortization
  of acquired intangible assets","Amortization
  of acquired intangible assets","285","","276","","3.3","%","",""
"24","","Acquisition-
  related charges","Acquisition-
  related charges","4","","1","","nm","","",""
"25","","Retirement-related
  costs/(income)","Retirement-related
  costs/(income)","474","","204","","132.9","","",""
"26","Operating
  (non-GAAP) gross profit","Operating
  (non-GAAP) gross profit","Operating
  (non-GAAP) gross profit","34,953","","35,611","","(1.9)","%","",""
"27","","Operating
  (non-GAAP) gross margin","Operating
  (non-GAAP) gross margin","48.5","%","47.4","%","1.2","pts.","",""
"28","","","","","","","","","","",""
"29","nm - not meaningful","nm - not meaningful","nm - not meaningful","nm - not meaningful","nm - not meaningful","nm - not meaningful","nm - not meaningful","nm - not meaningful","nm - not meaningful","nm - not meaningful","nm - not meaningful"
