"","X1","X4","X7","X10"
"1","","","","Interest"
"2","","Average","Interest","Income"
"3","(Dollars in millions)","Recorded","Income","Recognized on"
"4","For the nine months ended September 30, 2013:","Investment","Recognized","Cash Basis"
"5","Major
  markets","76","0","0"
"6","Growth
  markets","90","0","0"
"7","Total","166","0","0"
"8","","","",""
"9","","","","Interest"
"10","","Average","Interest","Income"
"11","(Dollars in millions)","Recorded","Income","Recognized on"
"12","For the nine months ended September 30, 2012:","Investment","Recognized","Cash Basis"
"13","Major
  markets","91","0","0"
"14","Growth
  markets","64","0","0"
"15","Total","154","0","0"
