"","X1","X4","X5","X8","X9","X12","X15","X18","X21"
"1","Unguaranteed Residual Value","","","","","","","",""
"2","","","","","","","","",""
"3","","","","","","Estimated Run Out of","Estimated Run Out of","Estimated Run Out of","Estimated Run Out of"
"4","","At","","At","","September 30, 2013
  Balance","September 30, 2013
  Balance","September 30, 2013
  Balance","September 30, 2013
  Balance"
"5","","January 1,","January 1,","September 30,","September 30,","","","","2016 and"
"6","(Dollars in millions)","2013","2013","2013","2013","2013","2014","2015","Beyond"
"7","Sales-type
  and direct financing","","","","","","","",""
"8","leases","794","","734","","47","164","207","316"
"9","Operating
  leases","259","","208","","35","76","53","44"
"10","Total
  unguaranteed residual","","","","","","","",""
"11","value","1,053","","942","","82","240","260","360"
"12","Related
  original amount","","","","","","","",""
"13","financed","18,744","","17,528","","","","",""
"14","Percentage","5.6","%","5.4","%","","","",""
