"","X1","X2","X5","X8","X10","X11","X12","X13","X14"
"1","","","","","","","","Yr. to Yr.",""
"2","","","","","","","","Percent",""
"3","","","","","Yr. to Yr.","Yr. to Yr.","","Change",""
"4","(Dollars in millions)","(Dollars in millions)","","","Percent","Percent","","Adjusted For",""
"5","For the nine months ended September 30:","For the nine months ended September 30:","2013","2012","Change","Change","","Currency",""
"6","Total
  signings:","Total
  signings:","45,689","38,733","","18.0","%","21.2","%"
"7","Outsourcing signings","Outsourcing signings","25,729","19,542","","31.7","%","34.7","%"
"8","Transactional signings","Transactional signings","19,960","19,191","","4.0","%","7.5","%"
