"","X1","X4","X7","X10","X13","X16","X19"
"1","","","","","","",""
"2","","","","","","Foreign",""
"3","","","","","","Currency",""
"4","","","","Purchase","","Translation",""
"5","(Dollars in millions)","Balance","Goodwill","Price","","And Other","Balance"
"6","Segment","01/01/12","Additions","Adjustments","Divestitures","Adjustments","12/31/12"
"7","Global
  Business Services","4,313","5","(0)","(2)","42","4,357"
"8","Global
  Technology Services","2,646","264","—","(0)","6","2,916"
"9","Software","18,121","2,182","(30)","(6)","137","20,405"
"10","Systems
  and Technology","1,133","443","(0)","(14)","6","1,568"
"11","Total","26,213","2,894","(30)","(22)","192","29,247"
"12","","","","","","",""
