"","X1","X2","X3","X6","X9","X12","X15","X16"
"1","(Dollars in millions)","(Dollars in millions)","(Dollars in millions)","","","","",""
"2","At September 30, 2013","At September 30, 2013","At September 30, 2013","Level 1","Level 2","Level 3","Total",""
"3","Assets:","Assets:","Assets:","","","","",""
"4","","Cash
  equivalents(1)","Cash
  equivalents(1)","","","","",""
"5","","","Time deposits and certificates of deposit","—","4,422","—","4,422",""
"6","","","Commercial paper","—","992","—","992",""
"7","","","Money market funds","1,713","—","—","1,713",""
"8","","","U.S. government securities","—","800","—","800",""
"9","","","Other securities","—","10","—","10",""
"10","","Total","Total","1,713","6,225","—","7,938","(6)"
"11","","Debt
  securities - current (2)","Debt
  securities - current (2)","—","160","","160","(6)"
"12","","Debt
  securities - noncurrent (3)","Debt
  securities - noncurrent (3)","1","8","—","9",""
"13","","Available-for-sale
  equity investments (3)","Available-for-sale
  equity investments (3)","32","—","—","32",""
"14","","Derivative
  assets (4)","Derivative
  assets (4)","","","","",""
"15","","","Interest rate contracts","—","412","—","412",""
"16","","","Foreign exchange contracts","—","371","—","371",""
"17","","","Equity contracts","—","9","—","9",""
"18","","Total","Total","—","793","—","793","(7)"
"19","Total
  assets","Total
  assets","Total
  assets","1,747","7,185","—","8,932","(7)"
"20","Liabilities:","Liabilities:","Liabilities:","","","","",""
"21","","Derivative
  liabilities (5)","Derivative
  liabilities (5)","","","","",""
"22","","","Foreign exchange contracts","—","575","—","575",""
"23","","","Equity contracts","—","7","—","7",""
"24","Total
  liabilities","Total
  liabilities","Total
  liabilities","—","581","—","581","(7)"
