"","X1","X4","X7"
"1","","",""
"2","Standard
  Warranty Liability","Standard
  Warranty Liability","Standard
  Warranty Liability"
"3","","",""
"4","(Dollars in millions)","2013","2012"
"5","Balance
  at January 1","394","407"
"6","Current
  period accruals","238","270"
"7","Accrual
  adjustments to reflect actual experience","21","(18)"
"8","Charges
  incurred","(292)","(295)"
"9","Balance
  at September 30","362","364"
"10","","",""
"11","","",""
"12","Extended
  Warranty Liability","Extended
  Warranty Liability","Extended
  Warranty Liability"
"13","","",""
"14","(Dollars in millions)","2013","2012"
"15","Aggregate
  deferred revenue at January 1","606","636"
"16","Revenue
  deferred for new extended warranty contracts","204","191"
"17","Amortization
  of deferred revenue","(244)","(240)"
"18","Other*","(7)","—"
"19","Aggregate
  deferred revenue at September 30","559","587"
"20","","",""
"21","Current
  portion","283","284"
"22","Noncurrent
  portion","276","302"
"23","Aggregate
  deferred revenue at September 30","559","587"
"24","","",""
"25","* Other primarily consists of foreign currency translation
  adjustments.","* Other primarily consists of foreign currency translation
  adjustments.","* Other primarily consists of foreign currency translation
  adjustments."
"26","","",""
