"","X1","X4","X5","X8","X9"
"1","","At September 30,","At September 30,","At December 31,","At December 31,"
"2","(Dollars in millions)","2013","2013","2012","2012"
"3","Gross
  financing receivables","28,218","","30,621",""
"4","Specific
  allowance for credit losses","264","","240",""
"5","Unallocated
  allowance for credit losses","91","","115",""
"6","Total
  allowance for credit losses","354","","355",""
"7","Net
  financing receivables","27,864","","30,266",""
"8","Allowance
  for credit losses coverage","1.3","%","1.2","%"
