"","X1","X2","X3","X4","X9","X10","X11","X15","X16","X17","X18","X19","X20","X21","X22","X23","X24"
"1","","","","","","","","","","","Yr. to Yr.","Yr. to Yr.","Yr. to Yr.","Yr. to Yr.","","",""
"2","","","","","","","","","","","Percent/","Percent/","Percent/","Percent/","","",""
"3","(Dollars in millions)","(Dollars in millions)","(Dollars in millions)","","","","","","","","Margin","Margin","Margin","Margin","","",""
"4","For the three months ended September 30:","For the three months ended September 30:","For the three months ended September 30:","","2013","","","2012","","","Change","Change","Change","Change","","",""
"5","Global
  Technology Services:","Global
  Technology Services:","Global
  Technology Services:","","","","","","","","","","","","","",""
"6","","External
  gross profit","External
  gross profit","","3,705","","","3,699","","","","","0.2","0.2","%","%",""
"7","","External
  gross profit margin","External
  gross profit margin","","39.0","%","%","37.3","%","%","","","1.7","1.7","pts.","pts.",""
"8","","Pre-tax
  income","Pre-tax
  income","","1,895","","","1,697","","","","","11.7","11.7","%","%",""
"9","","Pre-tax
  margin","Pre-tax
  margin","","19.4","%","%","16.6","%","%","","","2.8","2.8","pts.","pts.",""
"10","Global
  Business Services:","Global
  Business Services:","Global
  Business Services:","","","","","","","","","","","","","",""
"11","","External
  gross profit","External
  gross profit","","1,501","","","1,415","","","","","6.1","6.1","%","%",""
"12","","External
  gross profit margin","External
  gross profit margin","","32.9","%","%","31.2","%","%","","","1.8","1.8","pts.","pts.",""
"13","","Pre-tax
  income","Pre-tax
  income","","948","","","738","","","","","28.4","28.4","%","%",""
"14","","Pre-tax
  margin","Pre-tax
  margin","","20.0","%","%","15.6","%","%","","","4.4","4.4","pts.","pts.",""
"15","","","","","","","","","","","","","","","","",""
"16","","","","","","","","","","","","Yr. to Yr.","Yr. to Yr.","Yr. to Yr.","Yr. to Yr.","",""
"17","","","","","","","","","","","","Percent/","Percent/","Percent/","Percent/","",""
"18","(Dollars in millions)","(Dollars in millions)","(Dollars in millions)","(Dollars in millions)","","","","","","","","Margin","Margin","Margin","Margin","",""
"19","For the nine months ended September 30:","For the nine months ended September 30:","For the nine months ended September 30:","For the nine months ended September 30:","2013","2013","","2012","2012","","","Change","Change","Change","Change","",""
"20","Global
  Technology Services:","Global
  Technology Services:","Global
  Technology Services:","Global
  Technology Services:","","","","","","","","","","","","",""
"21","","External
  gross profit","External
  gross profit","External
  gross profit","10,842","10,842","","10,868","10,868","","","","","(0.2)","(0.2)","%","%"
"22","","External
  gross profit margin","External
  gross profit margin","External
  gross profit margin","37.9","37.9","%","36.3","36.3","%","%","","","1.6","1.6","pts.","pts."
"23","","Pre-tax
  income","Pre-tax
  income","Pre-tax
  income","4,994","4,994","","4,934","4,934","","","","","1.2","1.2","%","%"
"24","","Pre-tax
  margin","Pre-tax
  margin","Pre-tax
  margin","17.0","17.0","%","16.0","16.0","%","%","","","1.0","1.0","pts.","pts."
"25","Global
  Business Services:","Global
  Business Services:","Global
  Business Services:","Global
  Business Services:","","","","","","","","","","","","",""
"26","","External
  gross profit","External
  gross profit","External
  gross profit","4,220","4,220","","4,150","4,150","","","","","1.7","1.7","%","%"
"27","","External
  gross profit margin","External
  gross profit margin","External
  gross profit margin","30.9","30.9","%","30.0","30.0","%","%","","","0.9","0.9","pts.","pts."
"28","","Pre-tax
  income","Pre-tax
  income","Pre-tax
  income","2,274","2,274","","2,142","2,142","","","","","6.1","6.1","%","%"
"29","","Pre-tax
  margin","Pre-tax
  margin","Pre-tax
  margin","16.0","16.0","%","14.9","14.9","%","%","","","1.1","1.1","pts.","pts."
"30","","","","","","","","","","","","","","","","",""
"31","","","","","","","","","","","","","","","","",""
