"","X1","X2","X3","X4","X9","X10","X15","X16","X19","X20","X21","X22","X23","X24","X25","X26","X27"
"1","","","","","","","","","","","","","","","Yr. to Yr.","Yr. to Yr.",""
"2","","","","","","","","","","","","","","","Percent","Percent",""
"3","","","","","","","","","Yr. to Yr.","Yr. to Yr.","Yr. to Yr.","Yr. to Yr.","","","Change","Change",""
"4","(Dollars in millions)","(Dollars in millions)","(Dollars in millions)","(Dollars in millions)","","","","","Percent","Percent","Percent","Percent","","","Adjusted For","Adjusted For",""
"5","For the three months ended September 30:","For the three months ended September 30:","For the three months ended September 30:","For the three months ended September 30:","2013","2013","2012","2012","Change","Change","Change","Change","","","Currency","Currency",""
"6","Total
  Revenue","Total
  Revenue","Total
  Revenue","Total
  Revenue","23,720","23,720","24,747","24,747","","","(4.1)","(4.1)","%","%","(1.6)","(1.6)","%"
"7","","Geographies:","Geographies:","Geographies:","23,186","23,186","24,209","24,209","","","(4.2)","(4.2)","%","%","(1.7)","(1.7)","%"
"8","","","Americas","Americas","10,305","10,305","10,448","10,448","","","(1.4)","(1.4)","","","(0.2)","(0.2)",""
"9","","","Europe/Middle
  East/Africa (EMEA)","Europe/Middle
  East/Africa (EMEA)","7,334","7,334","7,238","7,238","","","1.3","1.3","","","(1.6)","(1.6)",""
"10","","","Asia
  Pacific","Asia
  Pacific","5,547","5,547","6,523","6,523","","","(15.0)","(15.0)","","","(4.2)","(4.2)",""
"11","","","","","","","","","","","","","","","","",""
"12","","Major
  markets","Major
  markets","Major
  markets","","","","","","","(2.7)","(2.7)","%","%","(0.6)","(0.6)","%"
"13","","Growth
  markets","Growth
  markets","Growth
  markets","","","","","","","(8.8)","(8.8)","%","%","(5.1)","(5.1)","%"
"14","","","BRIC
  countries","BRIC
  countries","","","","","","","(14.8)","(14.8)","%","%","(11.9)","(11.9)","%"
"15","","","","","","","","","","","","","","Yr. to Yr.","Yr. to Yr.","",""
"16","","","","","","","","","","","","","","Percent","Percent","",""
"17","","","","","","","","","Yr. to Yr.","Yr. to Yr.","Yr. to Yr.","","","Change","Change","",""
"18","(Dollars in millions)","(Dollars in millions)","(Dollars in millions)","","","","","","Percent","Percent","Percent","","","Adjusted For","Adjusted For","",""
"19","For the nine months ended September 30:","For the nine months ended September 30:","For the nine months ended September 30:","","2013","","2012","","Change","Change","Change","","","Currency","Currency","",""
"20","Total
  Revenue","Total
  Revenue","Total
  Revenue","","72,052","","75,203","","","(4.2)","(4.2)","%","%","(2.1)","(2.1)","%","%"
"21","","Geographies:","Geographies:","","70,553","","73,644","","","(4.2)","(4.2)","%","%","(2.0)","(2.0)","%","%"
"22","","","Americas","","31,056","","32,006","","","(3.0)","(3.0)","","","(2.1)","(2.1)","",""
"23","","","Europe/Middle
  East/Africa (EMEA)","","22,451","","22,684","","","(1.0)","(1.0)","","","(2.2)","(2.2)","",""
"24","","","Asia
  Pacific","","17,046","","18,953","","","(10.1)","(10.1)","","","(1.7)","(1.7)","",""
"25","","","","","","","","","","","","","","","","",""
"26","","Major
  markets","Major
  markets","","","","","","","(4.5)","(4.5)","%","%","(2.4)","(2.4)","%","%"
"27","","Growth
  markets","Growth
  markets","","","","","","","(3.1)","(3.1)","%","%","(0.9)","(0.9)","%","%"
"28","","","BRIC
  countries","","","","","","","(5.6)","(5.6)","%","%","(3.2)","(3.2)","%","%"
"29","","","","","","","","","","","","","","","","",""
