"","X1","X5","X9","X13","X17"
"1","(Dollars in millions)","At September 30, 2013","At September 30, 2013","At December 31, 2012","At December 31, 2012"
"2","Global
  Financing Segment","","25,824","","24,501"
"3","Debt to support external clients","22,755","","21,583",""
"4","Debt to support internal clients","3,068","","2,919",""
"5","Non-Global
  Financing Segments","","10,356","","8,767"
"6","Debt supporting operations","13,424","","11,686",""
"7","Intercompany activity","(3,068)","","(2,919)",""
"8","Total
  company debt","","36,180","","33,269"
