"","X1","X2","X16","X17","X18","X19"
"1","","","Yr. to Yr.","Yr. to Yr.","Yr. to Yr.",""
"2","(Dollars in millions)","(Dollars in millions)","Percent","Percent","Percent",""
"3","For the three months ended September 30:","For the three months ended September 30:","Change","Change","Change",""
"4","Interest
  expense","Interest
  expense","(21.5)","(21.5)","(21.5)","%"
"5","","","","","",""
"6","","","","Yr. to Yr.","Yr. to Yr.","Yr. to Yr."
"7","(Dollars in millions)","(Dollars in millions)","","Percent","Percent","Percent"
"8","For the nine months ended September 30:","For the nine months ended September 30:","","Change","Change","Change"
"9","Interest
  expense","Interest
  expense","","","(17.5)","(17.5)"
"10","","","","","",""
"11","","","","","",""
