"","X1","X2","X5","X8","X10","X11"
"1","Selling, general and administrative expense","Selling, general and administrative expense","Selling, general and administrative expense","Selling, general and administrative expense","Selling, general and administrative expense","Selling, general and administrative expense"
"2","","","","","",""
"3","","","","","Yr. to Yr.",""
"4","(Dollars in millions)","(Dollars in millions)","","","Percent",""
"5","For the three months ended September
  30:","For the three months ended September
  30:","2013","2012","Change",""
"6","Selling,
  general and administrative expense:","Selling,
  general and administrative expense:","","","",""
"7","","Selling,
  general and administrative – other","4,456","4,588","(2.9)","%"
"8","","Advertising
  and promotional expense","300","330","(9.1)",""
"9","","Workforce
  rebalancing charges","18","408","(95.6)",""
"10","","Retirement-related
  costs","241","351","(31.1)",""
"11","","Amortization
  of acquired intangible assets","100","83","19.9",""
"12","","Stock-based
  compensation","110","133","(17.3)",""
"13","","Bad
  debt expense","30","16","90.8",""
"14","","Total
  consolidated selling, general and administrative expense","5,255","5,908","(11.0)","%"
"15","","Non-operating
  adjustments:","","","",""
"16","","Amortization of acquired intangibles assets","(100)","(83)","19.9",""
"17","","Acquisition-related charges","(11)","(5)","144.6",""
"18","","Non-operating retirement-related (costs)/income","(89)","(196)","(54.3)",""
"19","","Operating
  (non-GAAP) selling, general and administrative expense","5,055","5,625","(10.1)","%"
