"","X1","X2","X3","X4","X9","X10","X15","X16","X18","X19","X20","X21"
"1","Other (income) and expense","Other (income) and expense","Other (income) and expense","Other (income) and expense","Other (income) and expense","Other (income) and expense","Other (income) and expense","Other (income) and expense","Other (income) and expense","Other (income) and expense","Other (income) and expense","Other (income) and expense"
"2","","","","","","","","","Yr. to Yr.","Yr. to Yr.","",""
"3","(Dollars in millions)","(Dollars in millions)","(Dollars in millions)","","","","","","Percent","Percent","",""
"4","For the three months ended September
  30:","For the three months ended September
  30:","For the three months ended September
  30:","","2013","","2012","","Change","Change","",""
"5","Other
  (income) and expense:","Other
  (income) and expense:","Other
  (income) and expense:","","","","","","","","",""
"6","","","Foreign
  currency transaction losses/(gains)","","256","","159","","61.0","61.0","%","%"
"7","","","(Gains)/losses
  on derivative instruments","","(284)","","(251)","","13.3","13.3","",""
"8","","","Interest
  income","","(13)","","(22)","","(37.4)","(37.4)","",""
"9","","","Net
  (gains)/losses from securities and investment assets","","(6)","","(30)","","(79.9)","(79.9)","",""
"10","","","Other","","(15)","","(463)","","(96.8)","(96.8)","",""
"11","","","Total
  consolidated other (income) and expense","","(62)","","(606)","","(89.7)","(89.7)","%","%"
"12","","","Non-operating
  adjustment:","","","","","","","","",""
"13","","","Acquisition-related charges","","(1)","","(5)","","(80.8)","(80.8)","",""
"14","","","Operating
  (non-GAAP) other (income) and expense","","(63)","","(611)","","(89.7)","(89.7)","%","%"
"15","","","","","","","","","","","",""
"16","","","","","","","","","","Yr. to Yr.","Yr. to Yr.",""
"17","(Dollars in millions)","(Dollars in millions)","(Dollars in millions)","(Dollars in millions)","","","","","","Percent","Percent",""
"18","For the nine months ended September
  30:","For the nine months ended September
  30:","For the nine months ended September
  30:","For the nine months ended September
  30:","2013","2013","2012","2012","","Change","Change",""
"19","Other
  (income) and expense:","Other
  (income) and expense:","Other
  (income) and expense:","Other
  (income) and expense:","","","","","","","",""
"20","","Foreign
  currency transaction losses/(gains)","Foreign
  currency transaction losses/(gains)","Foreign
  currency transaction losses/(gains)","(238)","(238)","(18)","(18)","","nm","nm","%"
"21","","(Gains)/losses
  on derivative instruments","(Gains)/losses
  on derivative instruments","(Gains)/losses
  on derivative instruments","151","151","(156)","(156)","","(196.6)","(196.6)",""
"22","","Interest
  income","Interest
  income","Interest
  income","(56)","(56)","(83)","(83)","","(33.1)","(33.1)",""
"23","","Net
  (gains)/losses from securities and investment assets","Net
  (gains)/losses from securities and investment assets","Net
  (gains)/losses from securities and investment assets","(11)","(11)","(48)","(48)","","(76.5)","(76.5)",""
"24","","Other","Other","Other","(59)","(59)","(491)","(491)","","(88.0)","(88.0)",""
"25","","Total
  consolidated other (income) and expense","Total
  consolidated other (income) and expense","Total
  consolidated other (income) and expense","(214)","(214)","(796)","(796)","","(73.2)","(73.2)","%"
"26","","Non-operating
  adjustment:","Non-operating
  adjustment:","Non-operating
  adjustment:","","","","","","","",""
"27","","Acquisition-related charges","Acquisition-related charges","Acquisition-related charges","(8)","(8)","(7)","(7)","","20.0","20.0",""
"28","","Operating
  (non-GAAP) other (income) and expense","Operating
  (non-GAAP) other (income) and expense","Operating
  (non-GAAP) other (income) and expense","(222)","(222)","(803)","(803)","","(72.4)","(72.4)","%"
"29","","","","","","","","","","","",""
"30","nm - not meaningful","nm - not meaningful","nm - not meaningful","nm - not meaningful","","","","","","","",""
"31","","","","","","","","","","","",""
