"","X1","X2","X5","X8","X10","X13","X16","X19","X22"
"1","","","","","","","","",""
"2","","","Gain (Loss) Recognized in
  Earnings and Other Comprehensive Income","Gain (Loss) Recognized in
  Earnings and Other Comprehensive Income","Gain (Loss) Recognized in
  Earnings and Other Comprehensive Income","Gain (Loss) Recognized in
  Earnings and Other Comprehensive Income","Gain (Loss) Recognized in
  Earnings and Other Comprehensive Income","Gain (Loss) Recognized in
  Earnings and Other Comprehensive Income","Gain (Loss) Recognized in
  Earnings and Other Comprehensive Income"
"3","","","","","Consolidated","","","(Ineffectiveness) and","(Ineffectiveness) and"
"4","","","Effective Portion","Effective Portion","Statement of","Effective Portion
  Reclassified","Effective Portion
  Reclassified","Amounts Excluded from","Amounts Excluded from"
"5","","","Recognized in OCI","Recognized in OCI","Earnings Line Item","from AOCI","from AOCI","Effectiveness Testing(3)","Effectiveness Testing(3)"
"6","For the three months","For the three months","","","","","","",""
"7","","ended September 30:","2013","2012","","2013","2012","2013","2012"
"8","Derivative instruments","Derivative instruments","","","","","","",""
"9","","in cash flow hedges:","","","","","","",""
"10","Interest
  rate contracts","Interest
  rate contracts","—","—","Interest
  expense","—","(2)","—","—"
"11","","","","","Other
  (income)","","","",""
"12","Foreign
  exchange","Foreign
  exchange","(409)","(54)","and
  expense","30","102","0","0"
"13","","contracts","","","Cost
  of sales","(17)","6","—","—"
"14","","","","","SG&A
  expense","13","5","—","—"
"15","Instruments in net","Instruments in net","","","","","","",""
"16","","investment hedges(4):","","","","","","",""
"17","Foreign
  exchange","Foreign
  exchange","","","","","","",""
"18","","contracts","(223)","(136)","Interest
  expense","—","—","1","6"
"19","","","","","","","","",""
"20","Total","Total","(632)","(190)","","27","112","1","6"
"21","","","","","","","","",""
